Level,Mutation,Mean_dG_star,Mean_dG0,sec49_distance,ca_distance
level0,E143S,19.04,-57.1,15.0,12.97
level0,F139L,15.72,-49.0,16.1,16.37
level0,F48Y,15.4,-57.68,3.88,4.6
level0,G102S,15.83,-59.61,16.77,19.14
level0,G74A,15.59,-60.29,,
level0,H144Q,18.87,-49.9,12.5,9.46
level0,I24L,25.17,-52.16,,
level0,K87T,19.25,-53.14,16.44,12.51
level0,N107S,20.05,-56.09,20.0,21.53
level0,P142S,16.65,-59.2,15.5,14.77
level0,R181S,16.38,-60.55,20.0,23.95
level0,R99C,24.29,-52.41,9.5,10.99
level0,S47A,21.57,-56.18,5.59,6.24
level0,S4R,17.37,-56.97,19.64,22.97
level0,T178A,14.77,-61.57,14.77,18.99
level0,T52A,16.16,-61.77,5.2,9.62
level0,T54Q,14.62,-52.68,10.0,14.5
level0,Y104F,16.94,-58.41,16.5,18.27
level1,E143S,17.52,-55.99,15.0,12.97
level1,F139L,17.01,-58.28,16.1,16.37
level1,F48Y,17.16,-58.24,3.88,4.6
level1,G102S,18.72,-57.37,16.77,19.14
level1,G74A,19.62,-55.45,,
level1,H144Q,20.74,-54.87,12.5,9.46
level1,H177Q,16.09,-60.31,14.0,15.71
level1,I24L,17.88,-57.7,,
level1,S4R,24.32,-52.54,19.64,22.97
level1,T178A,15.41,-60.28,14.77,18.99
level1,T52A,21.72,-49.92,5.2,9.62
level1,T60A,19.22,-55.88,19.05,22.8
level1,Y104F,16.69,-51.01,16.5,18.27
level10,E143S,14.87,-56.0,15.0,12.97
level10,F48Y,17.95,-56.72,3.88,4.6
level10,G102S,17.89,-56.95,16.77,19.14
level10,K87T,17.45,-57.61,16.44,12.51
level10,N107S,21.86,-52.1,20.0,21.53
level10,P142S,14.06,-60.44,15.5,14.77
level10,R181S,16.48,-58.9,20.0,23.95
level10,S4R,18.35,-49.33,19.64,22.97
level10,T178A,13.45,-56.9,14.77,18.99
level10,T52A,13.9,-61.64,5.2,9.62
level10,Y104F,16.59,-58.62,16.5,18.27
level11,E143S,18.37,-57.51,15.0,12.97
level11,F48Y,20.24,-49.84,3.88,4.6
level11,G102S,14.48,-59.92,16.77,19.14
level11,K87T,15.31,-59.16,16.44,12.51
level11,N107S,17.27,-57.49,20.0,21.53
level11,P142S,14.51,-59.81,15.5,14.77
level11,R181S,16.4,-55.57,20.0,23.95
level11,S4R,15.37,-58.04,19.64,22.97
level11,T52A,16.46,-58.75,5.2,9.62
level11,Y104F,14.37,-60.35,16.5,18.27
level12,E143S,15.34,-59.39,15.0,12.97
level12,F48Y,15.68,-59.98,3.88,4.6
level12,G102S,14.68,-60.26,16.77,19.14
level12,K87T,15.92,-59.38,16.44,12.51
level12,N107S,14.97,-60.76,20.0,21.53
level12,P142S,18.73,-56.64,15.5,14.77
level12,R181S,14.09,-62.22,20.0,23.95
level12,S4R,13.9,-62.19,19.64,22.97
level12,T52A,14.66,-56.21,5.2,9.62
level13,E143S,16.17,-58.57,15.0,12.97
level13,F48Y,17.12,-57.48,3.88,4.6
level13,G102S,15.91,-59.23,16.77,19.14
level13,K87T,17.23,-57.42,16.44,12.51
level13,N107S,15.35,-60.16,20.0,21.53
level13,P142S,17.0,-59.08,15.5,14.77
level13,R181S,16.95,-58.76,20.0,23.95
level13,T52A,14.25,-60.33,5.2,9.62
level14,E143S,15.86,-59.96,15.0,12.97
level14,F48Y,16.27,-59.54,3.88,4.6
level14,G102S,21.34,-54.12,16.77,19.14
level14,K87T,15.13,-60.57,16.44,12.51
level14,N107S,16.37,-57.85,20.0,21.53
level14,P142S,16.03,-60.11,15.5,14.77
level14,R181S,15.22,-60.91,20.0,23.95
level15,E143S,15.75,-60.1,15.0,12.97
level15,F48Y,15.75,-60.28,3.88,4.6
level15,G102S,14.21,-61.51,16.77,19.14
level15,N107S,15.81,-58.85,20.0,21.53
level15,P142S,15.61,-57.29,15.5,14.77
level15,R181S,16.67,-56.84,20.0,23.95
level16,E143S,19.29,-56.16,15.0,12.97
level16,F48Y,13.88,-61.88,3.88,4.6
level16,N107S,12.94,-63.08,20.0,21.53
level16,P142S,16.42,-58.84,15.5,14.77
level16,R181S,13.92,-57.68,20.0,23.95
level17,E143S,15.47,-55.81,15.0,12.97
level17,F48Y,17.27,-57.95,3.88,4.6
level17,P142S,13.07,-57.57,15.5,14.77
level17,R181S,13.74,-60.66,20.0,23.95
level18,E143S,14.22,-61.12,15.0,12.97
level18,F48Y,14.54,-59.03,3.88,4.6
level18,R181S,13.69,-60.9,20.0,23.95
level19,E143S,15.67,-60.23,15.0,12.97
level19,F48Y,13.9,-61.58,3.88,4.6
level2,C49U,14.84,-62.6,0.0,5.47
level2,E143S,15.4,-61.9,15.0,12.97
level2,F139L,19.02,-57.53,16.1,16.37
level2,F48Y,19.51,-57.96,3.88,4.6
level2,G102S,15.74,-62.54,16.77,19.14
level2,G74A,18.67,-58.22,,
level2,H144Q,26.73,-49.42,12.5,9.46
level2,H177Q,15.34,-61.25,14.0,15.71
level2,I24L,14.06,-62.58,,
level2,K87T,15.56,-61.86,16.44,12.51
level2,N107S,14.57,-62.62,20.0,21.53
level2,P142S,23.4,-53.47,15.5,14.77
level2,R181S,15.35,-61.19,20.0,23.95
level2,R99C,14.48,-61.5,9.5,10.99
level2,S47A,16.47,-61.31,5.59,6.24
level2,S4R,22.91,-53.34,19.64,22.97
level2,T178A,14.8,-62.54,14.77,18.99
level2,T52A,22.54,-52.78,5.2,9.62
level2,T60A,15.22,-61.19,19.05,22.8
level2,Y104F,14.94,-63.49,16.5,18.27
level20,E143S,14.05,-62.07,15.0,12.97
level3,F139L,15.42,-61.2,16.1,16.37
level3,F48Y,15.65,-60.3,3.88,4.6
level3,H144Q,15.63,-62.39,12.5,9.46
level3,H177Q,15.89,-61.95,14.0,15.71
level3,N107S,20.17,-57.1,20.0,21.53
level3,P142S,17.03,-58.48,15.5,14.77
level3,R99C,16.75,-55.46,9.5,10.99
level3,S47A,17.75,-57.61,5.59,6.24
level3,S4R,17.2,-59.44,19.64,22.97
level3,T178A,18.03,-59.26,14.77,18.99
level3,T60A,16.14,-55.5,19.05,22.8
level4,E143S,14.75,-57.69,15.0,12.97
level4,F48Y,14.5,-62.85,3.88,4.6
level4,G102S,15.09,-58.0,16.77,19.14
level4,G74A,16.93,-60.28,,
level4,H144Q,15.28,-62.13,12.5,9.46
level4,H177Q,15.05,-61.8,14.0,15.71
level4,K87T,15.59,-61.23,16.44,12.51
level4,N107S,19.79,-57.58,20.0,21.53
level4,P142S,23.08,-53.3,15.5,14.77
level4,R181S,16.87,-59.32,20.0,23.95
level4,R99C,18.48,-58.51,9.5,10.99
level4,S47A,14.35,-62.66,5.59,6.24
level4,S4R,16.36,-61.21,19.64,22.97
level4,T178A,23.52,-53.57,14.77,18.99
level4,T52A,14.83,-61.57,5.2,9.62
level4,T60A,19.61,-57.27,19.05,22.8
level4,Y104F,16.16,-61.13,16.5,18.27
level5,E143S,16.06,-61.12,15.0,12.97
level5,F48Y,15.16,-57.61,3.88,4.6
level5,G102S,14.64,-61.97,16.77,19.14
level5,G74A,17.02,-56.24,,
level5,H144Q,14.64,-62.96,12.5,9.46
level5,H177Q,15.23,-58.75,14.0,15.71
level5,K87T,15.98,-61.48,16.44,12.51
level5,N107S,18.58,-59.24,20.0,21.53
level5,P142S,18.98,-53.2,15.5,14.77
level5,R181S,14.49,-63.53,20.0,23.95
level5,R99C,19.13,-57.6,9.5,10.99
level5,S4R,15.85,-60.66,19.64,22.97
level5,T178A,15.21,-61.51,14.77,18.99
level5,T52A,16.04,-60.97,5.2,9.62
level5,T60A,14.37,-59.12,19.05,22.8
level5,Y104F,19.56,-57.44,16.5,18.27
level6,E143S,19.17,-52.9,15.0,12.97
level6,F48Y,14.44,-62.46,3.88,4.6
level6,G102S,17.74,-59.5,16.77,19.14
level6,G74A,12.98,-62.57,,
level6,H144Q,13.46,-63.09,12.5,9.46
level6,H177Q,15.52,-56.96,14.0,15.71
level6,K87T,18.43,-53.73,16.44,12.51
level6,N107S,13.08,-63.27,20.0,21.53
level6,P142S,18.37,-58.76,15.5,14.77
level6,R181S,13.81,-62.22,20.0,23.95
level6,R99C,14.27,-61.91,9.5,10.99
level6,S4R,15.5,-60.91,19.64,22.97
level6,T178A,14.65,-61.32,14.77,18.99
level6,T52A,15.05,-60.46,5.2,9.62
level6,Y104F,14.56,-62.44,16.5,18.27
level7,E143S,14.48,-59.66,15.0,12.97
level7,F48Y,18.54,-57.58,3.88,4.6
level7,G102S,22.55,-53.81,16.77,19.14
level7,H144Q,13.57,-63.12,12.5,9.46
level7,H177Q,15.87,-60.52,14.0,15.71
level7,K87T,14.15,-61.77,16.44,12.51
level7,N107S,14.1,-62.96,20.0,21.53
level7,P142S,19.51,-56.96,15.5,14.77
level7,R181S,16.53,-59.6,20.0,23.95
level7,R99C,15.62,-60.51,9.5,10.99
level7,S4R,17.26,-58.1,19.64,22.97
level7,T178A,15.72,-59.72,14.77,18.99
level7,T52A,19.5,-57.1,5.2,9.62
level7,Y104F,13.91,-61.89,16.5,18.27
level8,E143S,14.1,-62.15,15.0,12.97
level8,F48Y,17.74,-57.87,3.88,4.6
level8,G102S,14.53,-61.53,16.77,19.14
level8,H177Q,14.15,-62.47,14.0,15.71
level8,K87T,18.05,-57.92,16.44,12.51
level8,N107S,16.89,-58.96,20.0,21.53
level8,P142S,14.29,-57.72,15.5,14.77
level8,R181S,14.31,-61.74,20.0,23.95
level8,R99C,13.84,-58.57,9.5,10.99
level8,S4R,14.65,-60.72,19.64,22.97
level8,T178A,16.29,-58.79,14.77,18.99
level8,T52A,17.66,-57.72,5.2,9.62
level8,Y104F,15.15,-60.97,16.5,18.27
level9,E143S,19.02,-55.55,15.0,12.97
level9,F48Y,18.69,-55.17,3.88,4.6
level9,G102S,15.65,-60.02,16.77,19.14
level9,H177Q,13.69,-61.78,14.0,15.71
level9,K87T,19.02,-57.14,16.44,12.51
level9,N107S,14.23,-61.05,20.0,21.53
level9,P142S,19.01,-55.3,15.5,14.77
level9,R181S,14.23,-61.18,20.0,23.95
level9,S4R,16.75,-59.05,19.64,22.97
level9,T178A,14.91,-60.32,14.77,18.99
level9,T52A,18.24,-57.2,5.2,9.62
level9,Y104F,23.54,-48.08,16.5,18.27
