Frame,49@SG_x,49@HG1_x,49@CB_x,49@HB1_x,49@HB2_x,49@CA_x,49@HA_x,49@N_x,49@HN_x,196@O1_x,196@O2_x,196@H1_x,196@H2_x,83@NE2_x,83@HE21_x,83@HE22_x,83@CD_x,83@OE1_x,83@CB_x,83@HB1_x,83@HB2_x,83@CG_x,83@HG1_x,83@HG2_x,49@SG_y,49@HG1_y,49@CB_y,49@HB1_y,49@HB2_y,49@CA_y,49@HA_y,49@N_y,49@HN_y,196@O1_y,196@O2_y,196@H1_y,196@H2_y,83@NE2_y,83@HE21_y,83@HE22_y,83@CD_y,83@OE1_y,83@CB_y,83@HB1_y,83@HB2_y,83@CG_y,83@HG1_y,83@HG2_y,49@SG_z,49@HG1_z,49@CB_z,49@HB1_z,49@HB2_z,49@CA_z,49@HA_z,49@N_z,49@HN_z,196@O1_z,196@O2_z,196@H1_z,196@H2_z,83@NE2_z,83@HE21_z,83@HE22_z,83@CD_z,83@OE1_z,83@CB_z,83@HB1_z,83@HB2_z,83@CG_z,83@HG1_z,83@HG2_z
0,,,,38.000935,31.071796,49.482323,36.976345,33.489094,50.059284,37.186497,34.525017,49.70696,35.93691,33.37274,50.10867,37.461395,33.200714,51.5287,37.402336,32.12514,51.726078,36.645954,33.92515,52.3897,36.440617,34.855103,52.06716,38.82918,30.1887,50.845615,39.800507,30.080103,51.93867,38.221138,29.39546,50.98664,40.481735,29.4917,51.585533,36.593876,27.795156,50.86149,36.93031,27.508898,49.931572,36.831852,27.280983,51.726288,35.85951,28.86309,50.82043,35.688545,29.411346,49.77746,33.91252,30.293783,51.810135,33.292534,29.7591,51.141388,34.155434,31.250809,51.342915,35.183743,29.413378,52.072716,34.830032,28.758823,52.84035,35.9629,30.009335,52.590405
1,,,,37.168262,32.029934,48.071518,37.340176,33.440083,50.299488,37.66382,34.3424,49.81534,36.231804,33.446793,50.143993,37.699383,33.092606,51.74416,37.6041,32.010845,51.93274,36.773987,33.82144,52.602352,36.403336,34.705936,52.198654,39.017284,29.814692,50.877193,39.456177,29.499949,52.265854,38.24059,29.278069,50.70812,40.27532,28.991144,52.22772,36.71422,28.202732,50.21976,37.14975,27.908215,49.304146,37.03928,27.757774,51.07796,35.906254,29.245773,50.35428,35.62849,29.947186,49.36277,34.08401,30.39575,51.75208,33.446674,30.098955,50.82573,34.429474,31.429247,51.57748,35.336964,29.472567,51.730198,34.970837,28.545074,52.178757,36.24102,29.796062,52.322613
2,,,,37.73692,31.151392,49.447163,36.895943,33.488712,50.195835,37.019733,34.502728,49.93318,35.817307,33.353977,50.105423,37.36929,33.07961,51.606064,37.180267,32.001457,51.741478,36.526455,33.799675,52.613945,36.0629,34.615234,52.33759,38.496357,29.50179,50.45631,39.366985,29.591858,51.576244,37.754833,29.044079,50.812744,39.79007,28.73811,51.662296,36.14352,27.91748,50.62837,36.402405,27.487902,49.743946,36.442036,27.479204,51.456657,35.278286,28.988434,50.666794,34.956615,29.642952,49.70276,33.574173,30.396025,51.887314,32.979847,30.12463,51.074753,33.997826,31.433437,51.726463,34.747227,29.3944,52.04103,34.364822,28.502542,52.552853,35.52167,29.71383,52.654636
3,,,,38.732746,31.172424,49.953636,37.063305,33.24523,50.498913,37.12961,34.327045,50.249725,36.04657,32.96408,50.364357,37.60183,33.055973,51.94584,37.4608,32.04184,52.225525,36.819458,33.947365,52.738083,36.909046,34.961254,52.490173,38.82228,29.85353,51.058674,39.49036,29.669931,52.385433,37.90591,29.433943,51.196995,40.010483,28.876616,52.311012,36.229805,28.00221,50.460186,36.3565,27.772114,49.504623,36.42661,27.443548,51.263596,35.56787,29.128294,50.603336,35.451622,29.915033,49.680664,33.803833,30.514776,51.888805,33.17367,30.45914,51.024918,34.32479,31.367964,51.79696,34.988316,29.529072,51.92531,34.74605,28.590002,52.31746,35.68362,30.02514,52.58432
4,,,,38.533363,30.682304,49.341232,37.239407,33.011757,49.83823,37.51827,34.04232,49.685276,36.164143,33.0573,49.671124,37.547173,32.82443,51.339993,37.402607,31.770401,51.629227,36.6174,33.634113,52.078724,36.49171,34.55431,51.758736,38.79113,29.769747,50.367123,39.139942,29.971395,51.78865,37.88127,29.31797,50.460094,39.39993,29.072578,52.063118,36.42318,28.194399,50.380127,36.3412,27.713875,49.48486,36.472816,27.613892,51.264988,35.53692,29.210257,50.419014,35.142605,29.66005,49.35088,33.79176,30.702866,51.711548,33.15202,30.311752,50.95407,34.217476,31.668524,51.435444,34.978096,29.654352,51.79175,34.70839,28.869654,52.44469,35.888218,29.908426,52.393257
5,,,,37.639477,30.505205,49.505676,36.85773,32.979614,49.97731,37.1119,33.96587,49.577324,35.783573,32.754417,49.94909,37.386227,32.76601,51.43,37.15243,31.723896,51.570293,36.582867,33.670403,52.249275,36.677635,34.635212,51.997284,38.887867,29.849236,50.828526,38.57426,29.504251,52.206253,38.71687,29.060661,50.339447,39.346165,29.093533,52.575306,36.347805,27.552584,50.84104,36.73412,27.11857,50.057957,36.562305,27.211504,51.74256,35.592243,28.653896,50.757828,35.30085,29.256895,49.69625,33.76691,30.120367,52.034412,33.175312,29.948975,51.09458,34.27415,31.030884,51.723248,34.930553,29.07951,52.092495,34.548737,28.130413,52.576965,35.660973,29.409208,52.76112
6,,,,37.919765,30.360046,49.91607,37.063732,32.705063,50.331947,37.16089,33.742016,49.966038,35.96921,32.47762,50.279728,37.486767,32.604443,51.84546,37.507744,31.628399,52.326736,36.57243,33.41812,52.63988,36.458492,34.35298,52.200397,38.788692,29.127132,51.1045,39.58869,29.536018,52.25859,38.06211,28.583374,51.510193,40.428127,29.027138,52.2018,36.108734,27.773539,50.571667,36.432945,27.533264,49.61824,36.379017,27.222742,51.398445,35.460377,28.904255,50.62265,35.348648,29.579414,49.631535,33.778847,30.37709,51.981297,32.99926,30.318718,51.203133,34.211636,31.297255,51.651665,34.90794,29.328089,51.983894,34.733536,28.455973,52.54377,35.76503,29.842339,52.535805
7,,,,37.520123,30.73802,49.30033,36.913033,33.126637,50.09958,37.04636,34.17647,49.91532,35.867313,32.908863,50.105225,37.312004,32.791775,51.523136,37.38364,31.749743,51.806496,36.53875,33.65212,52.443638,36.411682,34.60287,52.068233,38.55045,29.768843,50.4901,38.924526,29.286173,51.78951,38.226868,28.969786,50.102158,39.87878,29.266386,51.812614,36.257065,27.674278,50.56667,36.60506,27.395178,49.628075,36.603886,27.192928,51.371613,35.44397,28.766996,50.60853,35.171627,29.397356,49.56981,33.643017,30.220402,51.811687,32.887947,29.981007,51.125698,34.06201,31.199766,51.554733,34.90517,29.282583,51.92026,34.59617,28.31244,52.483997,35.584682,29.833313,52.507126
8,,,,36.7018,31.241695,48.503258,36.635994,33.490223,50.076424,36.77459,34.52976,49.782097,35.537586,33.28013,49.917797,36.95375,33.093132,51.528423,36.872105,31.992296,51.627895,35.932297,33.708042,52.34773,35.30373,34.29118,51.85124,38.938763,30.05788,51.028336,39.237034,29.829008,52.47653,38.26921,29.413124,50.754482,39.811646,29.066154,52.46908,36.556118,28.242085,50.930378,36.99311,27.844864,50.101894,36.795475,27.844524,51.81256,35.72002,29.242537,50.80871,35.300064,29.588478,49.69247,33.75594,30.411835,51.924118,33.058865,29.949202,51.172974,33.982662,31.361418,51.54158,35.05277,29.63991,52.137295,34.797405,28.916378,52.82567,35.77432,30.25649,52.697468
9,,,,38.068764,30.668325,49.62619,37.223885,33.30302,50.136906,37.51328,34.32584,49.80993,36.18302,33.233177,49.83694,37.660927,33.15251,51.651096,37.470196,32.131733,52.028053,36.83225,34.043003,52.496582,36.53871,34.95211,52.105484,38.899643,29.826466,50.874905,39.37714,29.83712,52.216583,38.183903,29.158907,50.983723,40.190857,29.330303,52.251408,36.511597,28.203424,50.755173,36.730705,27.750473,49.890438,36.71305,27.817717,51.661243,35.61858,29.169577,50.70656,35.344086,29.82643,49.76523,34.091003,30.780191,52.07485,33.433807,30.613325,51.228382,34.699352,31.685116,51.812572,34.97823,29.543592,52.041996,34.429527,28.663641,52.361828,35.767822,29.669588,52.794384
10,,,,38.07701,31.375938,49.54886,37.131035,33.800392,50.230446,37.422234,34.79248,49.873356,36.048363,33.68916,50.145622,37.720882,33.56507,51.63091,37.54163,32.53065,51.771633,36.978153,34.416573,52.591465,37.09779,35.37307,52.45775,38.674545,30.112204,50.915947,38.87307,30.214386,52.368793,38.214497,29.27794,50.749973,39.725372,29.73081,52.51177,36.37212,28.492826,50.514416,36.717888,28.301533,49.58466,36.73819,28.036257,51.388744,35.451923,29.513262,50.59859,35.08484,30.168272,49.57119,33.994884,31.053694,51.932762,33.280293,30.962297,51.12264,34.465916,31.9898,51.813953,35.07589,29.991447,51.98553,34.788612,29.115965,52.668335,36.009815,30.294468,52.47334
11,,,,37.02999,31.863657,47.85163,37.133343,33.525463,49.85453,37.366226,34.600117,49.766342,36.046345,33.395664,49.651756,37.648838,33.274345,51.33046,37.520866,32.254627,51.462772,36.778305,33.959675,52.242657,36.096638,34.54185,51.730957,39.092537,30.004847,50.653645,39.1985,30.231224,52.123817,38.229618,29.530502,50.581093,39.709976,29.493689,52.420727,36.767666,28.620287,50.44011,37.04542,28.12073,49.6082,37.115658,28.128965,51.25517,35.940998,29.618706,50.36941,35.614605,30.181635,49.35136,34.13647,30.964855,51.688766,33.50659,30.728937,50.84683,34.61371,31.924068,51.382374,35.299717,29.933617,51.765102,35.12022,28.890873,52.079235,36.135586,30.377459,52.38475
12,,,,38.254128,31.927734,47.421017,37.0749,32.638477,49.87438,37.110928,33.624092,49.35614,36.139915,32.21446,49.59578,37.417458,32.761066,51.34011,37.52559,31.724281,51.682644,36.429783,33.542805,52.01572,36.013153,34.342594,51.599712,39.166218,29.779669,51.64429,40.141567,30.099049,52.639877,38.98167,28.82899,51.883183,40.956562,29.761505,52.239494,36.73921,27.800005,50.60878,36.89556,27.279114,49.73451,37.294598,27.698412,51.471565,35.943836,28.86086,50.62234,35.563976,29.351408,49.540344,34.13173,30.28537,51.769108,33.376053,29.745333,51.133755,34.458057,31.22219,51.31403,35.430107,29.437824,51.97177,35.260914,28.513844,52.556194,36.118313,30.026632,52.57237
13,,,,37.77199,30.426449,48.858612,37.137005,32.645836,50.04785,37.063305,33.668976,49.845524,36.170876,32.2004,49.972893,37.64135,32.633865,51.479134,37.646114,31.648159,51.954193,36.769787,33.47017,52.32744,36.642117,34.441257,52.00938,38.992596,29.46693,51.618595,40.241596,29.772003,52.42988,38.612007,28.703712,52.097836,40.80554,28.989347,52.415348,36.592766,28.062756,50.6957,36.93209,27.865479,49.740517,36.756474,27.48025,51.460403,35.816303,29.0471,50.7981,35.57713,29.769468,49.86764,33.989365,30.323278,52.087875,33.38464,30.103794,51.242355,34.37557,31.317173,51.822357,35.247818,29.347456,52.187668,34.825157,28.485415,52.710777,35.94198,29.829704,52.907864
14,,,,38.416077,31.063038,49.409454,36.879837,33.146732,49.700264,37.011314,34.14043,49.411922,35.94706,32.681316,49.391148,37.166706,33.020973,51.19077,37.18086,31.990566,51.422226,36.206875,33.73488,51.984505,35.891003,34.639732,51.57781,38.892853,29.919302,50.642334,39.19319,29.932858,52.02841,38.366467,29.110422,50.588478,39.75832,29.170822,52.132923,36.407646,28.144842,50.49286,36.80193,28.028698,49.552307,36.856808,27.64683,51.283676,35.589546,29.194574,50.696133,35.28786,29.876385,49.752987,33.851707,30.406883,52.095425,33.115593,29.972738,51.385727,34.025528,31.404547,51.69097,35.11386,29.548681,52.111828,35.101532,28.681873,52.770138,35.94604,30.087755,52.611027
15,,,,37.279068,30.471024,48.299686,36.663277,32.62201,50.0304,36.39096,33.634636,49.75114,35.70506,32.00126,49.96333,37.2195,32.81484,51.442303,37.387146,31.80785,51.810455,36.275776,33.600613,52.1932,36.039825,34.493748,51.74071,38.615555,29.744825,51.34148,39.59247,29.963459,52.403534,37.874115,29.25936,51.750427,40.095974,29.115295,52.350895,36.328327,28.234137,50.870422,36.884117,27.90968,50.085224,36.71394,27.982067,51.790756,35.40259,29.19928,50.7224,35.231644,29.708141,49.590786,33.506107,30.524424,51.812885,32.83716,30.013266,51.063698,33.677567,31.497595,51.253197,34.80582,29.725613,52.074383,34.712765,28.863688,52.70687,35.489704,30.424198,52.559376
16,,,,38.13566,31.15653,49.63805,36.400005,33.20393,50.2086,36.21151,34.289425,49.978634,35.46479,32.725708,50.09823,36.857845,33.0656,51.667522,36.92291,32.00572,51.9746,35.880344,33.80524,52.401936,35.505436,34.549915,51.85838,38.727825,30.095345,50.61671,38.952953,30.078802,52.069035,37.855312,29.640709,50.552544,39.13231,29.179367,52.25514,36.48851,28.185337,51.212982,36.76383,27.709044,50.348904,36.881725,27.940956,52.150475,35.63991,29.198984,51.204185,35.3152,29.662666,50.123436,33.771996,30.558498,52.297684,33.246655,30.074265,51.47821,34.18422,31.438242,51.86375,34.99821,29.653046,52.525505,34.639595,28.797888,53.041515,35.84039,30.02161,53.093315
17,,,,38.189,30.924398,49.806385,36.458218,33.05039,49.958855,36.51613,34.054462,49.63562,35.49319,32.663757,49.710747,36.85695,32.963985,51.45304,36.853794,31.967436,51.821316,35.917927,33.839424,52.164974,35.959923,34.822563,51.85716,38.4846,30.157871,51.450443,38.70811,30.309414,52.856762,37.86132,29.42919,51.36402,39.233627,29.537664,53.09792,36.29377,27.940239,51.12142,36.705845,27.53389,50.288586,36.562866,27.545128,52.055767,35.40726,28.93951,51.035503,35.12623,29.449652,49.970043,33.61411,30.397913,51.987995,32.979816,29.94031,51.259735,34.123463,31.287596,51.7391,34.753696,29.40155,52.299095,34.30717,28.492386,52.8055,35.52765,29.944162,52.86448
18,,,,37.880337,30.93031,49.478764,36.651367,33.064106,50.180046,36.40874,34.073055,49.87876,35.6985,32.539165,50.08895,37.038166,33.11178,51.70643,37.08951,32.039005,51.99382,35.99729,33.857677,52.465668,35.41839,34.52835,51.99541,38.761368,30.2155,51.224144,39.085392,30.135946,52.681915,38.005333,29.610888,51.13095,39.570312,29.32786,52.81181,36.5189,27.99647,51.22603,37.025215,27.711248,50.39669,36.760494,27.55552,52.129215,35.65818,29.005892,51.1381,35.53308,29.614864,50.05018,33.99224,30.73562,52.22343,33.490234,30.671396,51.256874,34.68311,31.657187,52.050545,34.949936,29.51681,52.432217,34.55058,28.678944,53.029305,35.68625,29.937876,53.10793
19,,,,38.158012,31.20111,49.545113,36.50996,33.193275,50.21305,36.24321,34.237648,49.903236,35.583115,32.644684,50.18459,37.020916,33.149864,51.67583,37.14709,32.11022,52.071575,36.124462,34.034237,52.47338,35.393013,34.629623,52.099266,38.82302,30.124052,50.60348,39.470913,30.355843,51.864822,37.94131,29.789951,50.895626,39.928543,29.498985,52.076828,36.427887,28.172987,50.965607,36.97319,27.999441,50.139027,36.44411,27.528542,51.74703,35.717155,29.271946,51.060947,35.719753,30.097364,50.197575,33.557293,30.383623,52.044403,32.847294,30.163364,51.21267,33.909718,31.326647,51.81679,34.804672,29.45359,52.24656,34.526894,28.497442,52.693085,35.43687,29.813337,53.075523
20,,,,37.535286,30.707493,50.285,36.522346,33.083252,50.681522,36.37975,34.12441,50.35865,35.514515,32.689037,50.698315,36.981,33.155315,52.126392,37.057217,32.14497,52.59189,36.1052,33.97409,52.9381,36.027355,34.952267,52.723793,38.798862,29.747194,51.27358,39.491177,30.197153,52.494217,38.254223,29.025705,51.573402,40.19518,29.577206,52.603157,36.528435,27.729532,51.00881,36.896137,27.308226,50.18391,36.900963,27.392296,51.899338,35.56828,28.700089,50.885445,35.19099,29.077868,49.79983,33.558346,29.975943,51.88206,32.820446,29.463575,51.20063,33.835964,30.884598,51.29598,34.857788,29.154602,52.173286,34.550842,28.286718,52.750324,35.460182,29.79245,52.789288
21,,,,37.661854,30.79771,49.849697,36.5502,33.18908,50.250217,36.598083,34.25757,49.91604,35.494644,32.785748,50.12907,37.0624,33.130383,51.74515,37.088425,32.080055,52.058506,36.11736,33.920933,52.49401,36.03385,34.93088,52.402782,38.253334,29.518223,51.348854,39.18698,30.3621,52.09326,37.789387,28.981419,52.05292,39.72698,29.741968,52.628246,35.789536,28.187868,50.396793,36.20065,28.058674,49.47367,36.208084,27.716581,51.230988,35.12809,29.301203,50.617718,34.924942,30.102959,49.68577,33.163013,30.240812,51.84178,32.51227,29.896263,51.02787,33.49927,31.211971,51.45671,34.449696,29.45227,52.000847,34.26116,28.43089,52.348083,35.141636,30.02072,52.6402
22,,,,38.25792,30.77627,49.831505,36.883682,32.986275,50.150917,37.031857,33.99676,49.869705,35.868805,32.842545,49.86933,37.238472,32.727757,51.637497,37.112682,31.71143,51.93364,36.212032,33.464077,52.3666,35.861977,34.337982,51.930843,38.49437,29.69312,51.307392,39.448074,29.744017,52.38366,37.748943,29.233442,51.764553,39.70862,28.842587,52.458694,36.153744,28.062597,50.448746,36.741024,27.879759,49.65437,36.358875,27.539427,51.307587,35.401627,29.166622,50.425922,35.127895,29.779139,49.391632,33.807674,30.571056,51.74922,33.123173,30.505497,50.905647,34.315445,31.48504,51.702038,34.95097,29.575554,51.803368,34.67724,28.59888,52.18026,35.814785,29.885168,52.370396
23,,,,37.79531,30.541632,49.994457,36.585564,32.766335,50.3933,36.606483,33.802906,50.14127,35.634953,32.312027,50.45601,37.129322,32.66761,51.79058,37.26136,31.63295,52.103745,36.195717,33.43081,52.674156,36.199707,34.37996,52.335686,38.31523,29.388525,50.97576,39.23193,29.697716,52.096542,37.65165,28.800226,51.385128,39.692158,28.830276,52.21538,36.054703,27.489445,50.46361,36.384098,26.981417,49.61624,36.3557,27.111765,51.371624,35.47617,28.69494,50.381626,35.331467,29.277992,49.328217,33.552757,30.00148,51.6737,32.902428,29.336557,51.048836,33.662556,30.960796,51.128437,35.01101,29.381014,51.736935,35.00749,28.57937,52.46107,35.760307,30.116886,52.040966
24,,,,37.970554,30.689539,49.8581,36.278778,32.655987,50.441708,36.09803,33.696476,50.216747,35.38778,32.07987,50.440792,36.7902,32.583317,51.868847,37.077953,31.566679,52.233223,35.823692,33.21471,52.67447,35.3358,34.05192,52.33578,38.470287,29.817913,51.118736,39.335163,29.599154,52.238186,37.912453,29.035604,51.12988,40.036346,29.132416,51.816765,36.417103,27.765738,50.996426,36.60091,27.099154,50.234703,36.72293,27.551394,51.945274,35.5606,28.780445,50.81275,35.2815,29.271416,49.68581,33.71639,30.127264,51.98013,33.074265,29.631504,51.303173,33.75878,31.146704,51.572147,34.990067,29.328089,52.13636,34.75221,28.47401,52.829372,35.898468,29.881855,52.547222
25,,,,37.681847,31.115505,49.08028,36.715332,33.289543,50.05343,36.567017,34.327152,49.894,35.752625,32.762356,49.907715,37.090424,32.90079,51.486385,37.072506,31.8275,51.679417,36.225857,33.716118,52.33162,35.935776,34.53674,51.84889,38.462887,30.009008,50.131313,38.756687,29.556738,51.534363,37.92407,29.305132,49.75994,39.6079,29.066715,51.43975,36.380505,28.035591,50.667976,36.664165,27.55371,49.824898,36.9037,27.809534,51.504726,35.64255,29.133526,50.699818,35.48412,29.747385,49.63395,33.9372,30.634796,51.932457,33.249382,30.52155,51.03666,34.432472,31.577219,51.617344,35.113293,29.645573,52.06965,34.83297,28.696602,52.547806,35.833836,30.115677,52.690525
26,,,,37.732418,30.65882,49.472588,36.71958,32.98487,50.20482,36.612705,34.03346,49.92968,35.771725,32.445305,50.005535,37.12258,33.020477,51.67192,37.199043,31.974,52.03828,36.0506,33.7429,52.402493,35.72588,34.587833,51.8931,38.883984,30.242123,51.597057,40.32722,30.282988,51.682873,38.682873,29.611984,52.315876,40.585842,29.523254,51.19369,36.659496,28.293932,50.326065,37.21839,28.154596,49.474987,37.003002,27.800623,51.180496,35.676476,29.121065,50.329987,35.33422,29.614618,49.28502,33.80233,30.385551,51.701427,33.067825,30.14667,50.966377,34.151134,31.375189,51.500217,35.09542,29.481115,51.703075,34.866646,28.558313,52.180702,35.923447,29.952314,52.262123
27,,,,38.2335,30.850603,49.317024,36.826607,33.20725,49.929768,36.774734,34.248,49.681282,35.816513,32.957493,49.694992,37.001534,33.09932,51.404,37.004295,32.073696,51.726105,35.981087,33.829613,52.12175,35.55006,34.62575,51.732773,38.710667,30.171097,51.240513,40.103527,29.995646,51.71555,38.311733,29.330414,51.487152,40.574177,29.926788,50.85709,36.41407,28.495987,50.373062,36.80218,28.328274,49.475605,36.572487,27.892282,51.177086,35.637863,29.528088,50.406494,35.433308,30.284197,49.426575,33.610836,30.258188,51.60596,33.118797,29.489983,50.936924,33.54587,31.220488,51.017105,35.06261,29.910456,51.75602,35.152023,29.059822,52.481762,35.476402,30.744587,52.271626
28,,,,38.25718,31.45758,50.16092,37.035217,33.73409,50.23552,37.149372,34.801773,49.972553,35.988316,33.508976,50.060375,37.289833,33.35763,51.687508,37.137432,32.296688,51.947014,36.272892,34.098297,52.50093,35.970627,35.025715,52.120136,38.881138,30.40072,51.152332,40.095505,29.724237,51.541695,38.348763,29.648249,50.88596,40.667484,29.843794,50.78167,36.604965,28.674295,50.525963,36.861187,28.494308,49.58459,36.727264,27.948257,51.245495,35.71378,29.651001,50.70183,35.4857,30.51749,49.914867,33.747105,30.545462,51.97677,33.133255,30.085337,51.191345,33.982624,31.558697,51.63781,35.05454,29.709661,52.092953,34.919693,28.720236,52.448307,35.699337,30.131296,52.854397
29,,,,38.32304,31.12996,49.8006,36.845592,33.165573,50.16392,36.654934,34.23338,49.86124,35.823254,32.814842,50.04368,37.209927,33.002377,51.698895,37.139957,31.951368,51.9968,36.2698,33.782116,52.426613,35.870453,34.570827,51.950153,38.97587,30.006084,51.116447,40.323696,29.61316,51.56462,38.433884,29.181519,50.99641,40.878296,29.557272,50.782524,36.95635,28.029085,50.968513,37.35051,27.665365,50.077347,37.113853,27.490345,51.825176,36.030308,28.991072,50.86955,35.875694,29.450039,49.72719,34.030098,30.233364,51.94616,33.479794,29.889917,51.083103,34.301888,31.242277,51.627937,35.36084,29.473803,52.124622,35.060814,28.53147,52.641975,36.055058,29.976988,52.812874
30,,,,37.88379,30.9989,49.670795,36.58265,33.2405,50.205196,36.840782,34.237312,49.96121,35.51487,33.305202,50.076324,36.904175,32.798954,51.69824,36.850624,31.7344,51.772137,36.034245,33.46978,52.60222,35.85064,34.405212,52.26795,38.682,29.775883,50.131783,39.77647,29.206566,50.925884,38.032684,29.030552,50.150833,40.390903,28.820337,50.314163,36.57082,27.845034,50.202557,36.80232,27.46871,49.239845,36.80581,27.276087,51.015255,35.7146,28.89992,50.35163,35.4221,29.530136,49.346615,34.017445,30.198906,51.803486,33.338642,29.731464,51.06874,34.260807,31.162096,51.39298,35.30515,29.329725,51.782524,35.111607,28.43748,52.430508,36.22296,29.7673,52.185726
31,,,,37.70143,31.044846,49.081818,36.33258,33.198338,49.743675,36.299774,34.277817,49.547676,35.408245,32.794952,49.584915,36.640923,32.938786,51.217735,36.613216,31.865913,51.270508,35.718678,33.592472,52.117638,35.492737,34.55771,51.76022,38.186104,29.985222,50.188557,39.432518,29.69949,50.85554,37.642094,29.197369,50.382343,40.02071,29.577475,50.126606,35.98871,27.531574,50.665867,36.500294,27.09181,49.886074,36.223644,27.209423,51.572903,35.38542,28.720274,50.617477,35.43438,29.423668,49.62265,33.57143,30.119616,51.72651,32.91451,29.654396,50.972,34.002613,31.057259,51.290306,34.77505,29.169508,51.941685,34.54407,28.319172,52.55326,35.594288,29.686804,52.456436
32,,,,37.636055,31.230396,49.5355,36.375626,33.4058,50.5427,36.266308,34.44882,50.42108,35.298416,32.9837,50.491936,37.026665,33.028774,51.8875,36.941746,31.943268,52.013134,36.208675,33.70135,52.811745,36.27577,34.670998,52.716877,38.57104,30.413729,50.539673,39.862476,29.861088,50.886887,38.040104,29.646593,50.3289,40.352043,29.889845,50.038296,36.367355,28.209932,50.305687,36.72097,27.908113,49.412666,36.60033,27.737991,51.150677,35.458538,29.150654,50.2589,35.27899,29.771997,49.193497,33.356445,30.076977,51.429295,32.723206,29.440842,50.787457,33.36033,31.028404,50.93419,34.80487,29.57139,51.491432,34.827213,28.613121,52.057667,35.37936,30.26915,52.069225
33,,,,37.846222,30.615583,49.127777,36.694817,32.855713,49.82737,36.67632,33.987774,49.63457,35.71049,32.458206,49.72305,37.061222,32.66983,51.336708,37.021374,31.583076,51.652313,36.04617,33.35436,52.19261,35.764187,34.31182,51.809,38.714146,29.832554,51.106907,40.04173,29.677776,51.77107,38.195747,29.12983,51.50999,40.69532,29.490305,51.07969,36.44743,28.055,51.00084,36.833416,27.587849,50.16489,36.68253,27.64741,51.9209,35.6426,29.064373,50.89488,35.503914,29.583496,49.809967,33.547474,30.1905,51.935234,32.906754,29.636269,51.245358,33.70471,31.199633,51.511932,34.888374,29.50422,52.125374,34.689243,28.580704,52.711346,35.44736,30.12967,52.788227
34,,,,37.69662,31.27712,50.246746,36.565697,33.667038,50.758602,36.860054,34.612267,50.41925,35.466415,33.72341,50.727844,37.04511,33.284554,52.21562,37.01193,32.21798,52.4671,36.150692,33.9747,53.15454,36.030834,34.889935,52.932713,38.551205,29.994553,50.735123,39.798885,29.563437,51.300022,38.048664,29.182165,50.574875,40.45003,29.606869,50.611603,36.39255,27.944067,50.897026,36.664967,27.626951,49.983585,36.54061,27.359863,51.732002,35.60861,29.019056,50.94104,35.40262,29.705105,49.966953,33.76369,30.33745,52.10879,33.11809,30.103743,51.28954,34.165405,31.319893,51.925808,35.0081,29.422523,52.28128,34.75023,28.598154,52.925266,35.786846,29.962494,52.86724
35,,,,37.850544,31.393843,49.703197,36.935352,33.650417,50.465343,36.95508,34.783253,50.27892,35.90668,33.367756,50.203312,37.24117,33.276344,51.9354,37.121662,32.211945,52.115223,36.345314,34.083416,52.7949,36.23605,35.03056,52.431885,38.631863,30.23942,50.78977,40.010754,30.051912,51.20545,38.360966,29.39301,50.38242,40.59135,30.160004,50.415653,36.578327,28.088036,51.156036,37.063812,27.797255,50.344406,36.645393,27.500227,52.02655,35.86806,29.22885,51.147514,35.810463,29.984468,50.18043,34.048256,30.548016,52.24565,33.460625,30.325016,51.30131,34.532642,31.553177,52.10718,35.151943,29.536476,52.46313,34.74825,28.579624,52.818043,35.890385,29.88711,53.16319
36,,,,37.940853,31.641409,49.97079,36.49987,33.726852,50.655167,36.53238,34.73929,50.41637,35.427235,33.47875,50.664032,37.12419,33.553425,52.093727,37.157852,32.502525,52.32703,36.125328,34.202347,52.952812,35.92699,35.091812,52.551144,38.385654,30.52728,51.23275,39.756927,30.330235,51.636227,38.002625,29.61072,51.2596,40.25004,30.0704,50.877792,36.636066,28.30356,50.863,37.083244,27.952856,50.038635,36.920925,27.863373,51.800396,35.73022,29.228167,50.860703,35.39439,29.72968,49.794514,33.94913,30.58175,52.024464,33.380054,30.412226,51.137024,34.397293,31.530378,51.836308,35.163177,29.62451,52.206383,35.01176,28.675064,52.72849,35.948223,30.183819,52.765877
37,,,,38.044506,31.437843,49.766937,36.72308,33.608597,50.261368,36.904873,34.680923,50.101788,35.716953,33.54467,50.02812,37.00223,33.31249,51.72387,36.90559,32.265747,51.917854,36.097652,34.159443,52.50587,36.00372,35.148636,52.267986,38.62428,30.167616,50.90893,40.055473,30.162903,51.130787,38.365894,29.227377,50.91421,40.506916,30.09173,50.255497,36.368565,28.204939,50.14944,36.80194,28.142252,49.27371,36.72933,27.554842,50.84628,35.643772,29.299677,50.37326,35.557186,30.218899,49.548096,33.555576,30.157913,51.668694,32.894253,29.655264,50.8573,33.777653,31.117752,51.190205,34.98003,29.500385,51.734,34.838207,28.619587,52.355465,35.50717,30.23882,52.33097
38,,,,37.99942,31.100027,50.72903,36.583096,33.25476,50.62245,36.859543,34.23441,50.23426,35.460274,33.03,50.433533,36.92703,33.12205,52.053238,37.032364,32.07062,52.41976,36.043205,33.955715,52.865112,35.950787,34.961464,52.6714,38.298378,30.067633,52.044083,39.749043,29.979828,52.143223,38.05442,29.248404,52.46073,39.994194,29.47986,51.37525,36.309658,28.264364,50.80289,36.673187,28.094162,49.848583,36.732895,27.836828,51.610737,35.38576,29.194418,50.81999,35.116474,29.842665,49.82925,33.523678,30.534279,52.18148,32.962536,30.464783,51.27463,34.051334,31.491737,52.07586,34.833893,29.624968,52.224777,34.512894,28.812353,52.86153,35.625095,30.213507,52.683258
39,,,,37.478546,31.626963,49.557568,36.47336,34.016438,50.48246,36.62585,35.11663,50.270535,35.46005,33.833183,50.467888,37.031807,33.49375,51.86451,36.829247,32.405827,52.131878,36.309303,34.268513,52.884365,36.231953,35.274975,52.731606,38.44081,30.54088,50.122658,39.314144,30.047323,51.193974,38.180145,29.766268,49.649773,40.084827,29.791935,50.62131,36.324078,27.95428,50.889946,36.797386,27.56343,50.03264,36.67851,27.568306,51.770065,35.60873,29.078144,50.906254,35.41229,29.645035,49.81975,33.757412,30.320408,52.142117,33.084206,29.997293,51.2911,34.046806,31.353237,51.87099,35.049603,29.53041,52.244244,34.9595,28.691404,52.94642,35.842155,30.102217,52.687172