mutation,Level,sec49_distance,ca_distance
C49U,,,
F48Y,,3.88,4.6
T52A,,5.2,9.62
S47A,,5.59,6.24
R99C,,9.5,10.99
T54Q,,10.0,14.5
H177Q,,14.0,15.71
H144Q,,12.5,9.46
T178A,,14.77,18.99
G74A,,14.29,15.75
E143S,,15.0,12.97
F139L,,16.1,16.37
K87T,,16.44,12.51
P142S,,15.5,14.77
G102S,,16.77,19.14
Y104F,,16.5,18.27
L24I,,,
T60A,,19.05,22.8
R181S,,20.0,23.95
S4R,,19.64,22.97
N107S,1.0,20.0,21.53
C49U,,,
F48Y,,3.88,4.6
T52A,,5.2,9.62
S47A,,5.59,6.24
R99C,,9.5,10.99
H177Q,,14.0,15.71
H144Q,,12.5,9.46
T178A,,14.77,18.99
G74A,,14.29,15.75
E143S,,15.0,12.97
F139L,,16.1,16.37
K87T,,16.44,12.51
P142S,,15.5,14.77
G102S,,16.77,19.14
Y104F,,16.5,18.27
L24I,,,
T60A,,19.05,22.8
R181S,,20.0,23.95
S4R,,19.64,22.97
N107S,,20.0,21.53
C49U,,,
F48Y,,3.88,4.6
T52A,,5.2,9.62
S47A,,5.59,6.24
R99C,,9.5,10.99
H177Q,,14.0,15.71
H144Q,,12.5,9.46
T178A,,14.77,18.99
G74A,,14.29,15.75
E143S,,15.0,12.97
F139L,,16.1,16.37
K87T,,16.44,12.51
P142S,,15.5,14.77
G102S,,16.77,19.14
Y104F,,16.5,18.27
L24I,,,
T60A,,19.05,22.8
R181S,,20.0,23.95
S4R,,19.64,22.97
N107S,,20.0,21.53
C49U,,,
F48Y,,3.88,4.6
T52A,,5.2,9.62
S47A,,5.59,6.24
R99C,,9.5,10.99
H177Q,,14.0,15.71
H144Q,,12.5,9.46
T178A,,14.77,18.99
G74A,,14.29,15.75
E143S,,15.0,12.97
F139L,,16.1,16.37
K87T,,16.44,12.51
P142S,,15.5,14.77
G102S,,16.77,19.14
Y104F,,16.5,18.27
T60A,,19.05,22.8
R181S,,20.0,23.95
S4R,,19.64,22.97
N107S,,20.0,21.53
C49U,,,
F48Y,,3.88,4.6
T52A,,5.2,9.62
S47A,,5.59,6.24
R99C,,9.5,10.99
H177Q,,14.0,15.71
H144Q,,12.5,9.46
T178A,,14.77,18.99
G74A,,14.29,15.75
E143S,,15.0,12.97
K87T,,16.44,12.51
P142S,,15.5,14.77
G102S,,16.77,19.14
Y104F,,16.5,18.27
T60A,,19.05,22.8
R181S,,20.0,23.95
S4R,,19.64,22.97
N107S,,20.0,21.53
C49U,,,
F48Y,,3.88,4.6
T52A,,5.2,9.62
R99C,,9.5,10.99
H177Q,,14.0,15.71
H144Q,,12.5,9.46
T178A,,14.77,18.99
G74A,,14.29,15.75
E143S,,15.0,12.97
K87T,,16.44,12.51
P142S,,15.5,14.77
G102S,,16.77,19.14
Y104F,,16.5,18.27
T60A,,19.05,22.8
R181S,,20.0,23.95
S4R,,19.64,22.97
N107S,,20.0,21.53
C49U,,,
F48Y,,3.88,4.6
T52A,,5.2,9.62
R99C,,9.5,10.99
H177Q,,14.0,15.71
H144Q,,12.5,9.46
T178A,,14.77,18.99
G74A,,14.29,15.75
E143S,,15.0,12.97
K87T,,16.44,12.51
P142S,,15.5,14.77
G102S,,16.77,19.14
Y104F,,16.5,18.27
R181S,,20.0,23.95
S4R,,19.64,22.97
N107S,,20.0,21.53
C49U,,,
F48Y,,3.88,4.6
T52A,,5.2,9.62
R99C,,9.5,10.99
H177Q,,14.0,15.71
H144Q,,12.5,9.46
T178A,,14.77,18.99
E143S,,15.0,12.97
K87T,,16.44,12.51
P142S,,15.5,14.77
G102S,,16.77,19.14
Y104F,,16.5,18.27
R181S,,20.0,23.95
S4R,,19.64,22.97
N107S,,20.0,21.53
C49U,,,
F48Y,,3.88,4.6
T52A,,5.2,9.62
R99C,,9.5,10.99
H177Q,,14.0,15.71
T178A,,14.77,18.99
E143S,,15.0,12.97
K87T,,16.44,12.51
P142S,,15.5,14.77
G102S,,16.77,19.14
Y104F,,16.5,18.27
R181S,,20.0,23.95
S4R,,19.64,22.97
N107S,,20.0,21.53
C49U,,,
F48Y,,3.88,4.6
T52A,,5.2,9.62
H177Q,,14.0,15.71
T178A,,14.77,18.99
E143S,,15.0,12.97
K87T,,16.44,12.51
P142S,,15.5,14.77
G102S,,16.77,19.14
Y104F,,16.5,18.27
R181S,,20.0,23.95
S4R,,19.64,22.97
N107S,,20.0,21.53
C49U,,,
F48Y,,3.88,4.6
T52A,,5.2,9.62
T178A,,14.77,18.99
E143S,,15.0,12.97
K87T,,16.44,12.51
P142S,,15.5,14.77
G102S,,16.77,19.14
Y104F,,16.5,18.27
R181S,,20.0,23.95
S4R,,19.64,22.97
N107S,,20.0,21.53
C49U,,,
F48Y,,3.88,4.6
T52A,,5.2,9.62
E143S,,15.0,12.97
K87T,,16.44,12.51
P142S,,15.5,14.77
G102S,,16.77,19.14
Y104F,,16.5,18.27
R181S,,20.0,23.95
S4R,,19.64,22.97
N107S,,20.0,21.53
C49U,,,
F48Y,,3.88,4.6
T52A,,5.2,9.62
E143S,,15.0,12.97
K87T,,16.44,12.51
P142S,,15.5,14.77
G102S,,16.77,19.14
R181S,,20.0,23.95
S4R,,19.64,22.97
N107S,,20.0,21.53
C49U,,,
F48Y,,3.88,4.6
T52A,,5.2,9.62
E143S,,15.0,12.97
K87T,,16.44,12.51
P142S,,15.5,14.77
G102S,,16.77,19.14
R181S,,20.0,23.95
N107S,,20.0,21.53
C49U,,,
F48Y,,3.88,4.6
E143S,,15.0,12.97
K87T,,16.44,12.51
P142S,,15.5,14.77
G102S,,16.77,19.14
R181S,,20.0,23.95
N107S,,20.0,21.53
C49U,,,
F48Y,,3.88,4.6
E143S,,15.0,12.97
P142S,,15.5,14.77
G102S,,16.77,19.14
R181S,,20.0,23.95
N107S,,20.0,21.53
C49U,,,
F48Y,,3.88,4.6
E143S,,15.0,12.97
P142S,,15.5,14.77
R181S,,20.0,23.95
N107S,,20.0,21.53
C49U,,,
F48Y,,3.88,4.6
E143S,,15.0,12.97
P142S,,15.5,14.77
R181S,,20.0,23.95
C49U,,,
F48Y,,3.88,4.6
E143S,,15.0,12.97
R181S,,20.0,23.95
C49U,,,
F48Y,,3.88,4.6
E143S,,15.0,12.97
C49U,,,
E143S,,15.0,12.97
