residue,dg_star,dg0,mutation,Residue,ResName,Dist_49,Dist_83,Dist_198,Total_HBonds,Active_Site_HBonds,Min_Dist
48,17.25,-60.09,Y48F,48,TYR,3.84,4.74,8.69,5,3,3.84
52,21.73,-55.61,A52T,52,ALA,5.49,10.38,8.06,2,1,5.49
47,17.55,-58.48,A47S,47,ALA,5.62,6.39,10.47,3,0,5.62
177,21.33,-55.99,Q177H,177,GLN,11.46,16.48,7.65,3,0,7.65
144,18.47,-56.95,Q144H,144,GLN,11.47,9.48,10.84,3,0,9.48
99,16.8,-61.57,C99R,99,CYS,9.72,11.78,13.96,1,0,9.72
54,16.64,-58.79,Q54T,54,GLN,10.42,15.34,11.31,2,0,10.42
178,18.18,-58.83,A178T,178,ALA,14.21,19.34,11.12,4,0,11.12
87,15.61,-60.85,T87K,87,THR,16.84,12.43,21.38,0,0,12.43
143,20.72,-56.57,S143E,143,SER,15.12,12.78,14.32,4,0,12.78
139,16.86,-60.03,L139F,139,LEU,16.54,17.22,13.11,0,0,13.11
3,16.51,-57.49,N3K,3,ASN,17.66,22.38,13.53,0,0,13.53
142,18.72,-59.02,S142P,142,SER,16.59,14.45,15.27,3,0,14.45
74,17.11,-61.25,A74G,74,ALA,14.58,15.46,16.55,0,0,14.58
24,22.62,-52.62,L24I,24,LEU,18.51,16.79,22.39,0,0,16.79
104,19.94,-56.06,F104Y,104,PHE,17.08,18.93,20.83,0,0,17.08
173,15.85,-61.97,H173R,173,HID,19.61,22.58,17.32,0,0,17.32
181,16.19,-55.53,S181R,181,SER,19.23,24.46,17.78,0,0,17.78
102,16.56,-61.01,S102G,102,SER,18.15,20.16,21.93,0,0,18.15
60,20.84,-56.66,A60T,60,ALA,19.79,23.86,20.67,0,0,19.79
