,HUMAN_GPX6_level01_GPX6_level01_chainA,HUMAN_GPX6_level02_GPX6_level02_chainA,HUMAN_GPX6_level03_GPX6_level03_chainA,HUMAN_GPX6_level04_GPX6_level04_chainA,HUMAN_GPX6_level05_GPX6_level05_chainA,HUMAN_GPX6_level06_GPX6_level06_chainA,HUMAN_GPX6_level07_GPX6_level07_chainA,HUMAN_GPX6_level08_GPX6_level08_chainA,HUMAN_GPX6_level09_GPX6_level09_chainA,HUMAN_GPX6_level10_GPX6_level10_chainA,HUMAN_GPX6_level11_GPX6_level11_chainA,HUMAN_GPX6_level12_GPX6_level12_chainA,HUMAN_GPX6_level13_GPX6_level13_chainA,HUMAN_GPX6_level14_GPX6_level14_chainA,HUMAN_GPX6_level15_GPX6_level15_chainA,HUMAN_GPX6_level16_GPX6_level16_chainA,HUMAN_GPX6_level17_GPX6_level17_chainA,HUMAN_GPX6_level18_GPX6_level18_chainA,HUMAN_GPX6_level19_GPX6_level19_chainA,MOUSE_GPX6_level01_GPX6_level01_chainA,MOUSE_GPX6_level02_GPX6_level02_chainA,MOUSE_GPX6_level03_GPX6_level03_chainA,MOUSE_GPX6_level04_GPX6_level04_chainA,MOUSE_GPX6_level05_GPX6_level05_chainA,MOUSE_GPX6_level06_GPX6_level06_chainA,MOUSE_GPX6_level07_GPX6_level07_chainA,MOUSE_GPX6_level08_GPX6_level08_chainA,MOUSE_GPX6_level09_GPX6_level09_chainA,MOUSE_GPX6_level10_GPX6_level10_chainA,MOUSE_GPX6_level11_GPX6_level11_chainA,MOUSE_GPX6_level12_GPX6_level12_chainA,MOUSE_GPX6_level13_GPX6_level13_chainA,MOUSE_GPX6_level14_GPX6_level14_chainA,MOUSE_GPX6_level15_GPX6_level15_chainA,MOUSE_GPX6_level16_GPX6_level16_chainA,MOUSE_GPX6_level17_GPX6_level17_chainA,MOUSE_GPX6_level18_GPX6_level18_chainA,MOUSE_GPX6_level19_GPX6_level19_chainA,MOUSE_GPX6_level20_GPX6_level20_chainA,node_25
HUMAN_GPX6_level01_GPX6_level01_chainA,,0.0052797328,0.0081690506,0.0098862844,0.0114764338,0.0124750550,0.0136489746,0.0148162159,0.0152841564,0.0161411483,0.0168038349,0.0182164046,0.0189971758,0.0197013754,0.0201478698,0.0209193071,0.0209193071,0.0221812079,0.0229914948,0.0371497987,0.0371497987,0.0364164913,0.0364164913,0.0358674544,0.0362959883,0.0356371539,0.0354515016,0.0354515016,0.0352281366,0.0353671271,0.0351498386,0.0360411938,0.0360307654,0.0367955777,0.0366262110,0.0362558172,0.0345859430,0.0337744680,0.0337871352,0.0196732038
HUMAN_GPX6_level02_GPX6_level02_chainA,0.0052770571,,0.0056951615,0.0078874237,0.0095507774,0.0108544881,0.0122808942,0.0136026032,0.0142692703,0.0151567378,0.0158267104,0.0171985336,0.0181869047,0.0188982368,0.0193710820,0.0201117792,0.0201117792,0.0213115558,0.0220822176,0.0366112355,0.0366112355,0.0358674544,0.0358674544,0.0364164913,0.0368497796,0.0361408340,0.0359456670,0.0359456670,0.0357454048,0.0358529838,0.0355390253,0.0364840981,0.0365734865,0.0373628430,0.0371788563,0.0367036578,0.0350943083,0.0343122616,0.0343216924,0.0196732038
HUMAN_GPX6_level03_GPX6_level03_chainA,0.0105821093,0.0052770571,,0.0054608130,0.0077313598,0.0090752620,0.0107560246,0.0120866482,0.0127926737,0.0138504035,0.0144938933,0.0160422051,0.0170800527,0.0178714307,0.0183793446,0.0190911122,0.0190911122,0.0202900404,0.0210190676,0.0360832664,0.0360832664,0.0353236916,0.0353236916,0.0357401499,0.0361786043,0.0355199808,0.0353399077,0.0353399077,0.0351467730,0.0353550863,0.0350061573,0.0358155090,0.0359261312,0.0367140175,0.0364970801,0.0359367057,0.0343884671,0.0336759500,0.0337875502,0.0206841818
HUMAN_GPX6_level04_GPX6_level04_chainA,0.0159154553,0.0105821093,0.0052770571,,0.0054394052,0.0073376467,0.0093671675,0.0106881402,0.0116611798,0.0130237770,0.0139212304,0.0153529678,0.0164539973,0.0172387819,0.0179248903,0.0187805757,0.0187805757,0.0198454899,0.0205590052,0.0355282213,0.0355282213,0.0346510234,0.0346510234,0.0350494873,0.0355350962,0.0348942913,0.0346872992,0.0346872992,0.0344963800,0.0345840506,0.0342324666,0.0350570699,0.0350718140,0.0357913750,0.0356102552,0.0350353384,0.0334274810,0.0327998940,0.0329169674,0.0214280737
HUMAN_GPX6_level05_GPX6_level05_chainA,0.0212773984,0.0159154553,0.0105821093,0.0052770571,,0.0052530771,0.0076479946,0.0094086111,0.0105859496,0.0119034349,0.0128572852,0.0141314790,0.0152722013,0.0162121306,0.0170747499,0.0180793729,0.0180793729,0.0192955651,0.0200984218,0.0353934493,0.0353934493,0.0344394715,0.0344394715,0.0347370932,0.0352216718,0.0345241571,0.0343230448,0.0343230448,0.0341458583,0.0342324666,0.0345840506,0.0354607416,0.0355257577,0.0361759296,0.0360630330,0.0354841295,0.0339697031,0.0334351859,0.0335791712,0.0221853636
HUMAN_GPX6_level06_GPX6_level06_chainA,0.0266682471,0.0212773984,0.0159154553,0.0105821093,0.0052770571,,0.0053316857,0.0075917642,0.0091393492,0.0105878219,0.0116742685,0.0129477553,0.0141971816,0.0154201984,0.0164627412,0.0174372562,0.0174372562,0.0186071186,0.0194471910,0.0342369879,0.0342369879,0.0331733848,0.0331733848,0.0335359280,0.0339475172,0.0332395016,0.0330473330,0.0330473330,0.0328764702,0.0329472629,0.0333884970,0.0342295305,0.0342408814,0.0348136415,0.0345596804,0.0339697031,0.0354841295,0.0349459121,0.0350293504,0.0226092328
HUMAN_GPX6_level07_GPX6_level07_chainA,0.0320883146,0.0266682471,0.0212773984,0.0159154553,0.0105821093,0.0052770571,,0.0053733296,0.0073614185,0.0091019537,0.0104520147,0.0117152185,0.0131018771,0.0143624795,0.0155035333,0.0165277991,0.0165277991,0.0176323850,0.0183527123,0.0338055779,0.0338055779,0.0327158981,0.0327158981,0.0331466686,0.0335616073,0.0329668475,0.0327639795,0.0327639795,0.0325986505,0.0326330307,0.0330196338,0.0337919793,0.0338177195,0.0344170251,0.0341790834,0.0336190276,0.0350801585,0.0345361671,0.0345943536,0.0237247131
HUMAN_GPX6_level08_GPX6_level08_chainA,0.0375379193,0.0320883146,0.0266682471,0.0212773984,0.0159154553,0.0105821093,0.0052770571,,0.0051243312,0.0074175180,0.0091148438,0.0106841215,0.0122701816,0.0136127697,0.0148032586,0.0158240844,0.0158240844,0.0170137627,0.0177678696,0.0332443643,0.0332443643,0.0321424212,0.0321424212,0.0326051242,0.0330118140,0.0324046445,0.0321986017,0.0321986017,0.0320354789,0.0320995463,0.0325837892,0.0333406835,0.0333313082,0.0338905266,0.0336391317,0.0330786728,0.0345361671,0.0350801585,0.0351596338,0.0244370751
HUMAN_GPX6_level09_GPX6_level09_chainA,0.0430173851,0.0375379193,0.0320883146,0.0266682471,0.0212773984,0.0159154553,0.0105821093,0.0052770571,,0.0055271265,0.0075459219,0.0093549506,0.0108826492,0.0124121811,0.0136474278,0.0148893824,0.0148893824,0.0160668930,0.0169443776,0.0329896789,0.0329896789,0.0319223661,0.0319223661,0.0324927238,0.0330313340,0.0323698130,0.0321671116,0.0321671116,0.0320214770,0.0320034941,0.0325396783,0.0333313082,0.0333406835,0.0338307528,0.0336201457,0.0329697098,0.0343771103,0.0348882845,0.0350398163,0.0243085088
HUMAN_GPX6_level10_GPX6_level10_chainA,0.0485270409,0.0430173851,0.0375379193,0.0320883146,0.0266682471,0.0212773984,0.0159154553,0.0105821093,0.0052770571,,0.0051747102,0.0075958635,0.0095264631,0.0110184128,0.0124614650,0.0137157461,0.0137157461,0.0149416768,0.0158366814,0.0323816430,0.0323816430,0.0312625397,0.0312625397,0.0318256327,0.0323792092,0.0317331811,0.0315435659,0.0315435659,0.0313958434,0.0314113351,0.0318623070,0.0326467645,0.0327019715,0.0332184769,0.0331125127,0.0323990205,0.0337882908,0.0343197523,0.0344600137,0.0248668218
HUMAN_GPX6_level11_GPX6_level11_chainA,0.0540672213,0.0485270409,0.0430173851,0.0375379193,0.0320883146,0.0266682471,0.0212773984,0.0159154553,0.0105821093,0.0052770571,,0.0052939884,0.0076677283,0.0093896552,0.0110249145,0.0125394274,0.0125394274,0.0139371147,0.0149982481,0.0323816430,0.0323816430,0.0312625397,0.0312625397,0.0318256327,0.0323792092,0.0317331811,0.0322687809,0.0322687809,0.0321108283,0.0321675560,0.0326241773,0.0333034704,0.0333880858,0.0339543404,0.0338342891,0.0331234446,0.0344862142,0.0349738403,0.0350424206,0.0253860588
HUMAN_GPX6_level12_GPX6_level12_chainA,0.0596382663,0.0540672213,0.0485270409,0.0430173851,0.0375379193,0.0320883146,0.0266682471,0.0212773984,0.0159154553,0.0105821093,0.0052770571,,0.0053364371,0.0077494840,0.0098227732,0.0114253314,0.0114253314,0.0130394642,0.0141948989,0.0328576611,0.0328576611,0.0318099311,0.0318099311,0.0324448566,0.0329938562,0.0323683494,0.0329434585,0.0329434585,0.0327728621,0.0328814600,0.0334866312,0.0340817749,0.0341709205,0.0347620981,0.0346977587,0.0340041950,0.0354149795,0.0358293976,0.0358910691,0.0262107557
HUMAN_GPX6_level13_GPX6_level13_chainA,0.0652405219,0.0596382663,0.0540672213,0.0485270409,0.0430173851,0.0375379193,0.0320883146,0.0266682471,0.0212773984,0.0159154553,0.0105821093,0.0052770571,,0.0054742451,0.0078732327,0.0098398333,0.0098398333,0.0114097863,0.0127698823,0.0328576611,0.0328576611,0.0318099311,0.0318099311,0.0324448566,0.0329938562,0.0323683494,0.0329434585,0.0329434585,0.0333499355,0.0333662628,0.0339959168,0.0345759353,0.0347684979,0.0353725105,0.0352772814,0.0346751076,0.0360590458,0.0364380592,0.0364498985,0.0258634153
HUMAN_GPX6_level14_GPX6_level14_chainA,0.0708743396,0.0652405219,0.0596382663,0.0540672213,0.0485270409,0.0430173851,0.0375379193,0.0320883146,0.0266682471,0.0212773984,0.0159154553,0.0105821093,0.0052770571,,0.0051771360,0.0078247008,0.0078247008,0.0096602558,0.0111637989,0.0324600790,0.0324600790,0.0315076822,0.0315076822,0.0321268229,0.0327643467,0.0321619327,0.0327239153,0.0327239153,0.0331101666,0.0329921931,0.0336890618,0.0343081549,0.0345390350,0.0352772814,0.0353725105,0.0347081092,0.0359576477,0.0363229987,0.0364471323,0.0252970423
HUMAN_GPX6_level15_GPX6_level15_chainA,0.0765400771,0.0708743396,0.0652405219,0.0596382663,0.0540672213,0.0485270409,0.0430173851,0.0375379193,0.0320883146,0.0266682471,0.0212773984,0.0159154553,0.0105821093,0.0052770571,,0.0054514239,0.0054514239,0.0077867669,0.0093778630,0.0315076822,0.0315076822,0.0324600790,0.0324600790,0.0330682233,0.0337512010,0.0330741609,0.0336234850,0.0336234850,0.0340693747,0.0339744686,0.0345890757,0.0352003901,0.0354623588,0.0362806920,0.0364746474,0.0357570744,0.0368988149,0.0372522842,0.0374551540,0.0258008305
HUMAN_GPX6_level16_GPX6_level16_chainA,0.0822380982,0.0765400771,0.0708743396,0.0652405219,0.0596382663,0.0540672213,0.0485270409,0.0430173851,0.0375379193,0.0320883146,0.0266682471,0.0212773984,0.0159154553,0.0105821093,0.0052770571,,0.0000000000,0.0053839970,0.0074176429,0.0309093159,0.0309093159,0.0317795500,0.0317795500,0.0323498695,0.0330008273,0.0323316986,0.0329479908,0.0329479908,0.0334241525,0.0333779922,0.0340773042,0.0347356862,0.0351000747,0.0359037155,0.0361064429,0.0353915974,0.0364983573,0.0368298092,0.0370600251,0.0246003543
HUMAN_GPX6_level17_GPX6_level17_chainA,0.0822380982,0.0765400771,0.0708743396,0.0652405219,0.0596382663,0.0540672213,0.0485270409,0.0430173851,0.0375379193,0.0320883146,0.0266682471,0.0212773984,0.0159154553,0.0105821093,0.0052770571,0.0000000000,,0.0053566223,0.0073846248,0.0307297178,0.0307297178,0.0316020477,0.0316020477,0.0321634899,0.0327965147,0.0321227279,0.0327263863,0.0327263863,0.0332060571,0.0331767398,0.0338794865,0.0345499881,0.0349245714,0.0357246209,0.0359306756,0.0352118808,0.0362910696,0.0366212532,0.0368593758,0.0244464487
HUMAN_GPX6_level18_GPX6_level18_chainA,0.0879687729,0.0822380982,0.0765400771,0.0708743396,0.0652405219,0.0596382663,0.0540672213,0.0485270409,0.0430173851,0.0375379193,0.0320883146,0.0266682471,0.0212773984,0.0159154553,0.0105821093,0.0052770571,0.0052493559,,0.0049535346,0.0302339694,0.0302339694,0.0310990608,0.0310990608,0.0315854473,0.0322242443,0.0315657360,0.0322150328,0.0322150328,0.0325954691,0.0326883705,0.0334846764,0.0340863852,0.0344041348,0.0351807854,0.0353753516,0.0346693721,0.0357016661,0.0360660425,0.0362326570,0.0253452830
HUMAN_GPX6_level19_GPX6_level19_chainA,0.0937324777,0.0879687729,0.0822380982,0.0765400771,0.0708743396,0.0652405219,0.0596382663,0.0540672213,0.0485270409,0.0430173851,0.0375379193,0.0320883146,0.0266682471,0.0212773984,0.0159154553,0.0105821093,0.0105264130,0.0052493559,,0.0296152731,0.0296152731,0.0304019151,0.0304019151,0.0308366231,0.0315657360,0.0322242443,0.0328034052,0.0328034052,0.0331473742,0.0331600332,0.0339003491,0.0344817680,0.0347510598,0.0356368399,0.0358550447,0.0351649337,0.0361922057,0.0365518878,0.0367834575,0.0243777148
MOUSE_GPX6_level01_GPX6_level01_chainA,0.2475019951,0.2406760301,0.2338963431,0.2271623109,0.2204733228,0.2138287800,0.2072280960,0.2006706955,0.1941560144,0.1876834999,0.1876834999,0.1941560144,0.1941560144,0.1876834999,0.1812526096,0.1748628115,0.1738469298,0.1675377606,0.1612681476,,0.0000000000,0.0052337680,0.0073522678,0.0090325548,0.0109074164,0.0120931381,0.0120931381,0.0120931381,0.0120931381,0.0129411550,0.0141568424,0.0155804597,0.0161772575,0.0172394136,0.0180709974,0.0195817489,0.0199791667,0.0206727192,0.0216763283,0.0343142576
MOUSE_GPX6_level02_GPX6_level02_chainA,0.2475019951,0.2406760301,0.2338963431,0.2271623109,0.2204733228,0.2138287800,0.2072280960,0.2006706955,0.1941560144,0.1876834999,0.1876834999,0.1941560144,0.1941560144,0.1876834999,0.1812526096,0.1748628115,0.1738469298,0.1675377606,0.1612681476,0.0000000000,,0.0052337680,0.0073522678,0.0090325548,0.0109074164,0.0120931381,0.0120931381,0.0120931381,0.0120931381,0.0129411550,0.0141568424,0.0155804597,0.0161772575,0.0172394136,0.0180709974,0.0195817489,0.0199791667,0.0206727192,0.0216763283,0.0343142576
MOUSE_GPX6_level03_GPX6_level03_chainA,0.2406760301,0.2338963431,0.2271623109,0.2204733228,0.2138287800,0.2072280960,0.2006706955,0.1941560144,0.1876834999,0.1812526096,0.1812526096,0.1876834999,0.1876834999,0.1812526096,0.1876834999,0.1812526096,0.1801961575,0.1738469298,0.1675377606,0.0053333460,0.0053333460,,0.0050164844,0.0072756240,0.0093501066,0.0105115569,0.0105115569,0.0105115569,0.0105115569,0.0114221394,0.0129436324,0.0144841341,0.0150712893,0.0160588427,0.0167739866,0.0182971100,0.0188401380,0.0195648600,0.0205052766,0.0342033929
MOUSE_GPX6_level04_GPX6_level04_chainA,0.2406760301,0.2338963431,0.2271623109,0.2204733228,0.2138287800,0.2072280960,0.2006706955,0.1941560144,0.1876834999,0.1812526096,0.1812526096,0.1876834999,0.1876834999,0.1812526096,0.1876834999,0.1812526096,0.1801961575,0.1738469298,0.1675377606,0.0106952891,0.0106952891,0.0053333460,,0.0053218420,0.0078324306,0.0092617041,0.0092617041,0.0092617041,0.0092617041,0.0105163614,0.0120393787,0.0135952743,0.0141645923,0.0152635908,0.0160584807,0.0176289678,0.0182126105,0.0189387985,0.0199100420,0.0342033929
MOUSE_GPX6_level05_GPX6_level05_chainA,0.2338963431,0.2406760301,0.2338963431,0.2271623109,0.2204733228,0.2138287800,0.2072280960,0.2006706955,0.1941560144,0.1876834999,0.1876834999,0.1941560144,0.1941560144,0.1876834999,0.1941560144,0.1876834999,0.1865859556,0.1801961575,0.1738469298,0.0160861378,0.0160861378,0.0106952891,0.0053333460,,0.0056448695,0.0073242261,0.0073242261,0.0073242261,0.0073242261,0.0089156467,0.0104292369,0.0120542807,0.0128694867,0.0140231243,0.0148479703,0.0163585485,0.0170779161,0.0178829342,0.0188929721,0.0342033929
MOUSE_GPX6_level06_GPX6_level06_chainA,0.2406760301,0.2475019951,0.2406760301,0.2338963431,0.2271623109,0.2204733228,0.2138287800,0.2072280960,0.2006706955,0.1941560144,0.1941560144,0.2006706955,0.2006706955,0.1941560144,0.2006706955,0.1941560144,0.1930168459,0.1865859556,0.1801961575,0.0215062052,0.0215062052,0.0160861378,0.0106952891,0.0053333460,,0.0050262799,0.0050262799,0.0050262799,0.0050262799,0.0070935654,0.0088549590,0.0105394620,0.0117106536,0.0128169580,0.0138662746,0.0153284732,0.0160069279,0.0168514624,0.0182539568,0.0345929916
MOUSE_GPX6_level07_GPX6_level07_chainA,0.2338963431,0.2406760301,0.2338963431,0.2271623109,0.2204733228,0.2138287800,0.2072280960,0.2006706955,0.1941560144,0.1876834999,0.1876834999,0.1941560144,0.1941560144,0.1876834999,0.1941560144,0.1876834999,0.1865859556,0.1801961575,0.1865859556,0.0269558100,0.0269558100,0.0215062052,0.0160861378,0.0106952891,0.0053333460,,0.0000000000,0.0000000000,0.0000000000,0.0053251919,0.0076730504,0.0096105579,0.0109945839,0.0119324017,0.0129906332,0.0145421244,0.0152705696,0.0161672844,0.0175219470,0.0353983637
MOUSE_GPX6_level08_GPX6_level08_chainA,0.2324956569,0.2392296891,0.2324956569,0.2258066687,0.2191621260,0.2125614420,0.2060040414,0.1994893604,0.1930168459,0.1865859556,0.1930168459,0.1994893604,0.1994893604,0.1930168459,0.1994893604,0.1930168459,0.1918910078,0.1855012097,0.1918910078,0.0269558100,0.0269558100,0.0215062052,0.0160861378,0.0106952891,0.0053333460,0.0000000000,,0.0000000000,0.0000000000,0.0052956571,0.0076319803,0.0095631474,0.0109389333,0.0118712911,0.0129230867,0.0144648653,0.0151891082,0.0160806855,0.0174337014,0.0351989548
MOUSE_GPX6_level09_GPX6_level09_chainA,0.2324956569,0.2392296891,0.2324956569,0.2258066687,0.2191621260,0.2125614420,0.2060040414,0.1994893604,0.1930168459,0.1865859556,0.1930168459,0.1994893604,0.1994893604,0.1930168459,0.1994893604,0.1930168459,0.1918910078,0.1855012097,0.1918910078,0.0269558100,0.0269558100,0.0215062052,0.0160861378,0.0106952891,0.0053333460,0.0000000000,0.0000000000,,0.0000000000,0.0052655724,0.0075923272,0.0095137435,0.0108818740,0.0117999525,0.0128472669,0.0143743078,0.0150905988,0.0159749072,0.0173179364,0.0355252986
MOUSE_GPX6_level10_GPX6_level10_chainA,0.2311117210,0.2378007091,0.2311117210,0.2244671782,0.2178664942,0.2113090937,0.2047944126,0.1983218981,0.1918910078,0.1855012097,0.1918910078,0.1983218981,0.2047944126,0.1983218981,0.2047944126,0.1983218981,0.1971680649,0.1907782668,0.1971680649,0.0269558100,0.0269558100,0.0215062052,0.0160861378,0.0106952891,0.0053333460,0.0000000000,0.0000000000,0.0000000000,,0.0052394595,0.0075536135,0.0094635030,0.0108213476,0.0117353938,0.0127720356,0.0142975048,0.0150109520,0.0158961597,0.0172372715,0.0356935748
MOUSE_GPX6_level11_GPX6_level11_chainA,0.2378007091,0.2445347413,0.2378007091,0.2311117210,0.2244671782,0.2178664942,0.2113090937,0.2047944126,0.1983218981,0.1918910078,0.1983218981,0.2047944126,0.2113090937,0.2047944126,0.2113090937,0.2047944126,0.2035989552,0.1971680649,0.2035989552,0.0324352758,0.0324352758,0.0269558100,0.0215062052,0.0160861378,0.0106952891,0.0053333460,0.0053050522,0.0052770571,0.0052493559,,0.0054113279,0.0078134167,0.0091801313,0.0103478785,0.0112113340,0.0126482408,0.0134251216,0.0144301860,0.0157961514,0.0355026356
MOUSE_GPX6_level12_GPX6_level12_chainA,0.2311117210,0.2378007091,0.2311117210,0.2244671782,0.2311117210,0.2244671782,0.2178664942,0.2113090937,0.2047944126,0.1983218981,0.2047944126,0.2113090937,0.2178664942,0.2113090937,0.2178664942,0.2113090937,0.2100714697,0.2035989552,0.2100714697,0.0379449316,0.0379449316,0.0324352758,0.0269558100,0.0215062052,0.0160861378,0.0106952891,0.0106383982,0.0105821093,0.0105264130,0.0052493559,,0.0053804561,0.0073449098,0.0089150683,0.0100572454,0.0116042346,0.0125878555,0.0137874904,0.0151606367,0.0350317340
MOUSE_GPX6_level13_GPX6_level13_chainA,0.2378007091,0.2445347413,0.2378007091,0.2311117210,0.2378007091,0.2311117210,0.2244671782,0.2178664942,0.2113090937,0.2047944126,0.2113090937,0.2178664942,0.2244671782,0.2178664942,0.2244671782,0.2178664942,0.2165861508,0.2100714697,0.2165861508,0.0434851119,0.0434851119,0.0379449316,0.0324352758,0.0269558100,0.0215062052,0.0160861378,0.0160003413,0.0159154553,0.0158314652,0.0105264130,0.0052493559,,0.0050966505,0.0069879572,0.0084856190,0.0103754880,0.0113714995,0.0126394220,0.0142014172,0.0359507768
MOUSE_GPX6_level14_GPX6_level14_chainA,0.2311117210,0.2378007091,0.2311117210,0.2244671782,0.2311117210,0.2244671782,0.2178664942,0.2113090937,0.2178664942,0.2113090937,0.2178664942,0.2244671782,0.2311117210,0.2244671782,0.2311117210,0.2244671782,0.2231435513,0.2165861508,0.2231435513,0.0490561570,0.0490561570,0.0434851119,0.0379449316,0.0324352758,0.0269558100,0.0215062052,0.0213911900,0.0212773984,0.0211648112,0.0158314652,0.0105264130,0.0052493559,,0.0050615436,0.0070561275,0.0090145745,0.0102639057,0.0116971720,0.0132100568,0.0359977317
MOUSE_GPX6_level15_GPX6_level15_chainA,0.2378007091,0.2445347413,0.2378007091,0.2311117210,0.2378007091,0.2311117210,0.2244671782,0.2178664942,0.2244671782,0.2178664942,0.2244671782,0.2311117210,0.2378007091,0.2311117210,0.2378007091,0.2311117210,0.2297442353,0.2231435513,0.2297442353,0.0546584125,0.0546584125,0.0490561570,0.0434851119,0.0379449316,0.0324352758,0.0269558100,0.0268112575,0.0266682471,0.0265267543,0.0211648112,0.0158314652,0.0105264130,0.0052493559,,0.0054384655,0.0078445132,0.0090647009,0.0105545649,0.0122964478,0.0370264744
MOUSE_GPX6_level16_GPX6_level16_chainA,0.2311117210,0.2378007091,0.2311117210,0.2244671782,0.2311117210,0.2244671782,0.2178664942,0.2113090937,0.2178664942,0.2113090937,0.2178664942,0.2244671782,0.2311117210,0.2378007091,0.2445347413,0.2378007091,0.2363887781,0.2297442353,0.2363887781,0.0602922303,0.0602922303,0.0546584125,0.0490561570,0.0434851119,0.0379449316,0.0324352758,0.0322608622,0.0320883146,0.0319176030,0.0265267543,0.0211648112,0.0158314652,0.0105264130,0.0052493559,,0.0053757910,0.0074799059,0.0092410355,0.0109318694,0.0372949449
MOUSE_GPX6_level17_GPX6_level17_chainA,0.2244671782,0.2311117210,0.2244671782,0.2178664942,0.2244671782,0.2178664942,0.2113090937,0.2047944126,0.2113090937,0.2047944126,0.2113090937,0.2178664942,0.2244671782,0.2311117210,0.2378007091,0.2311117210,0.2297442353,0.2231435513,0.2297442353,0.0659579678,0.0659579678,0.0602922303,0.0546584125,0.0490561570,0.0434851119,0.0379449316,0.0377403280,0.0375379193,0.0373376704,0.0319176030,0.0265267543,0.0211648112,0.0158314652,0.0105264130,0.0052493559,,0.0052221065,0.0075214967,0.0091525540,0.0379080870
MOUSE_GPX6_level18_GPX6_level18_chainA,0.2178664942,0.2244671782,0.2178664942,0.2113090937,0.2178664942,0.2244671782,0.2178664942,0.2113090937,0.2178664942,0.2113090937,0.2178664942,0.2244671782,0.2311117210,0.2378007091,0.2445347413,0.2378007091,0.2363887781,0.2297442353,0.2363887781,0.0716559889,0.0716559889,0.0659579678,0.0602922303,0.0546584125,0.0490561570,0.0434851119,0.0432499838,0.0430173851,0.0427872752,0.0373376704,0.0319176030,0.0265267543,0.0211648112,0.0158314652,0.0105264130,0.0052493559,,0.0053404622,0.0076202784,0.0364026676
MOUSE_GPX6_level19_GPX6_level19_chainA,0.2113090937,0.2178664942,0.2113090937,0.2047944126,0.2113090937,0.2178664942,0.2113090937,0.2178664942,0.2244671782,0.2178664942,0.2244671782,0.2311117210,0.2378007091,0.2445347413,0.2513144283,0.2445347413,0.2430777662,0.2363887781,0.2430777662,0.0773866636,0.0773866636,0.0716559889,0.0659579678,0.0602922303,0.0546584125,0.0490561570,0.0487901642,0.0485270409,0.0482667410,0.0427872752,0.0373376704,0.0319176030,0.0265267543,0.0211648112,0.0158314652,0.0105264130,0.0052493559,,0.0053182932,0.0357323522
MOUSE_GPX6_level20_GPX6_level20_chainA,0.2178664942,0.2244671782,0.2178664942,0.2113090937,0.2178664942,0.2244671782,0.2178664942,0.2244671782,0.2311117210,0.2244671782,0.2311117210,0.2378007091,0.2445347413,0.2513144283,0.2581403934,0.2513144283,0.2498117984,0.2430777662,0.2498117984,0.0831503683,0.0831503683,0.0773866636,0.0716559889,0.0659579678,0.0602922303,0.0546584125,0.0543612092,0.0540672213,0.0537763968,0.0482667410,0.0427872752,0.0373376704,0.0319176030,0.0265267543,0.0211648112,0.0158314652,0.0105264130,0.0052493559,,0.0361148289
node_25,0.0720533176,0.0720533176,0.0778170224,0.0836141400,0.0894450604,0.0953101798,0.1012099019,0.1071446375,0.1012099019,0.1071446375,0.1131148044,0.1191208285,0.1131148044,0.1071446375,0.1131148044,0.1071446375,0.1065432479,0.1124779834,0.1065432479,0.2084668369,0.2084668369,0.2018661529,0.2018661529,0.2018661529,0.2084668369,0.2151113796,0.2138287800,0.2191621260,0.2244671782,0.2311117210,0.2244671782,0.2311117210,0.2378007091,0.2445347413,0.2513144283,0.2581403934,0.2513144283,0.2445347413,0.2513144283,
