# GPX6_level01_chainA,GPX6_level02_chainA,GPX6_level03_chainA,GPX6_level04_chainA,GPX6_level05_chainA,GPX6_level06_chainA,GPX6_level07_chainA,GPX6_level08_chainA,GPX6_level09_chainA,GPX6_level10_chainA,GPX6_level11_chainA,GPX6_level12_chainA,GPX6_level13_chainA,GPX6_level14_chainA,GPX6_level15_chainA,GPX6_level16_chainA,GPX6_level17_chainA,GPX6_level18_chainA,GPX6_level19_chainA,GPX6_level01_chainA,GPX6_level02_chainA,GPX6_level03_chainA,GPX6_level04_chainA,GPX6_level05_chainA,GPX6_level06_chainA,GPX6_level07_chainA,GPX6_level08_chainA,GPX6_level09_chainA,GPX6_level10_chainA,GPX6_level11_chainA,GPX6_level12_chainA,GPX6_level13_chainA,GPX6_level14_chainA,GPX6_level15_chainA,GPX6_level16_chainA,GPX6_level17_chainA,GPX6_level18_chainA,GPX6_level19_chainA,GPX6_level20_chainA,Homo_sapiens,Mus_musculus,Callithrix_jacchus,Saimiri_boliviensis,Cavia_porcellus,Sus_scrofa,Equus_caballus,Tarsius_syrichta,Pan_troglodytes,Oryctolagus_cuniculus,Mesocricetus_auratus,Macaca_mulatta,Jaculus_jaculus,Ictidomys_tridecemlineatus,Felis_catus,Cricetulus_griseus,Bos_taurus,Rattus_norvegicus,Loxodonta_africana,Odobenus_rosmarus,Otolemur_garnettii,Dipodomys_ordii,node_23,node_24,node_25,node_26,node_27,node_28,node_29,node_30,node_31,node_32,node_33,node_34,node_35,node_36,node_37,node_38,node_39,node_40,node_41,node_42,node_43
1.000,0.995,0.989,0.984,0.979,0.974,0.968,0.963,0.958,0.953,0.947,0.942,0.937,0.932,0.926,0.921,0.816,0.816,0.811,0.580,0.585,0.590,0.590,0.596,0.590,0.596,0.778,0.174,0.179,0.179,0.179,0.174,0.179,0.179,0.174,0.174,0.179,0.179,0.179,0.058,0.053,0.053,0.053,0.049,0.053,0.047,0.058,0.053,0.053,0.058,0.047,0.047,0.058,0.058,0.068,0.047,0.053,0.047,0.059,0.058,0.053,0.047,0.047,0.047,0.047,0.047,0.047,0.047,0.053,0.053,0.047,0.047,0.053,0.053,0.053,0.053,0.058,0.047,0.047,0.047,0.047,0.047
0.995,1.000,0.995,0.989,0.984,0.979,0.974,0.968,0.963,0.958,0.953,0.947,0.942,0.937,0.932,0.926,0.821,0.821,0.816,0.585,0.590,0.596,0.596,0.590,0.585,0.590,0.772,0.168,0.174,0.174,0.174,0.168,0.174,0.174,0.168,0.168,0.174,0.174,0.174,0.058,0.053,0.053,0.053,0.049,0.053,0.047,0.058,0.053,0.053,0.058,0.047,0.047,0.058,0.058,0.068,0.047,0.053,0.047,0.059,0.058,0.053,0.047,0.047,0.047,0.047,0.047,0.047,0.047,0.053,0.053,0.047,0.047,0.053,0.053,0.053,0.053,0.058,0.047,0.047,0.047,0.047,0.047
0.989,0.995,1.000,0.995,0.989,0.984,0.979,0.974,0.968,0.963,0.958,0.953,0.947,0.942,0.937,0.932,0.826,0.826,0.821,0.590,0.596,0.601,0.601,0.596,0.590,0.596,0.778,0.168,0.174,0.174,0.174,0.168,0.174,0.174,0.168,0.168,0.168,0.168,0.168,0.058,0.053,0.053,0.053,0.049,0.053,0.047,0.058,0.053,0.053,0.058,0.047,0.047,0.058,0.058,0.068,0.047,0.053,0.047,0.059,0.058,0.053,0.047,0.047,0.047,0.047,0.047,0.047,0.047,0.053,0.053,0.047,0.047,0.053,0.053,0.053,0.053,0.058,0.047,0.047,0.047,0.047,0.047
0.984,0.989,0.995,1.000,0.995,0.989,0.984,0.979,0.974,0.968,0.963,0.958,0.953,0.947,0.942,0.937,0.832,0.832,0.826,0.596,0.601,0.606,0.606,0.601,0.596,0.601,0.783,0.168,0.174,0.174,0.174,0.168,0.174,0.174,0.168,0.168,0.168,0.168,0.168,0.058,0.053,0.053,0.053,0.049,0.053,0.047,0.058,0.053,0.053,0.058,0.047,0.047,0.058,0.058,0.068,0.047,0.053,0.047,0.059,0.058,0.053,0.047,0.047,0.047,0.047,0.047,0.047,0.047,0.053,0.053,0.047,0.047,0.053,0.053,0.053,0.053,0.058,0.047,0.047,0.047,0.047,0.047
0.979,0.984,0.989,0.995,1.000,0.995,0.989,0.984,0.979,0.974,0.968,0.963,0.958,0.953,0.947,0.942,0.837,0.837,0.832,0.601,0.606,0.612,0.612,0.606,0.601,0.606,0.788,0.168,0.174,0.174,0.174,0.168,0.174,0.174,0.168,0.168,0.168,0.168,0.168,0.053,0.047,0.047,0.047,0.044,0.047,0.042,0.053,0.047,0.047,0.053,0.042,0.042,0.053,0.053,0.063,0.042,0.048,0.042,0.053,0.053,0.047,0.042,0.042,0.042,0.042,0.042,0.042,0.042,0.047,0.047,0.042,0.042,0.047,0.047,0.047,0.047,0.053,0.042,0.042,0.042,0.042,0.042
0.974,0.979,0.984,0.989,0.995,1.000,0.995,0.989,0.984,0.979,0.974,0.968,0.963,0.958,0.953,0.947,0.842,0.842,0.837,0.606,0.612,0.617,0.617,0.612,0.606,0.612,0.794,0.163,0.168,0.168,0.168,0.163,0.168,0.168,0.163,0.163,0.163,0.163,0.163,0.053,0.047,0.047,0.047,0.044,0.047,0.042,0.053,0.047,0.047,0.053,0.042,0.042,0.053,0.053,0.063,0.042,0.048,0.042,0.053,0.053,0.047,0.042,0.042,0.042,0.042,0.042,0.042,0.042,0.047,0.047,0.042,0.042,0.047,0.047,0.047,0.047,0.053,0.042,0.042,0.042,0.042,0.042
0.968,0.974,0.979,0.984,0.989,0.995,1.000,0.995,0.989,0.984,0.979,0.974,0.968,0.963,0.958,0.953,0.847,0.847,0.842,0.612,0.617,0.622,0.622,0.617,0.612,0.617,0.799,0.158,0.163,0.163,0.163,0.158,0.163,0.163,0.158,0.158,0.158,0.158,0.158,0.053,0.047,0.047,0.047,0.044,0.047,0.042,0.053,0.047,0.047,0.053,0.042,0.042,0.053,0.053,0.063,0.042,0.048,0.042,0.053,0.053,0.047,0.042,0.042,0.042,0.042,0.042,0.042,0.042,0.047,0.047,0.042,0.042,0.047,0.047,0.047,0.047,0.053,0.042,0.042,0.042,0.042,0.042
0.963,0.968,0.974,0.979,0.984,0.989,0.995,1.000,0.995,0.989,0.984,0.979,0.974,0.968,0.963,0.958,0.847,0.847,0.842,0.612,0.617,0.622,0.622,0.617,0.612,0.617,0.804,0.158,0.163,0.163,0.163,0.158,0.163,0.163,0.158,0.158,0.158,0.158,0.158,0.053,0.047,0.047,0.047,0.044,0.047,0.042,0.053,0.047,0.047,0.053,0.042,0.042,0.053,0.053,0.063,0.042,0.048,0.042,0.053,0.053,0.047,0.042,0.042,0.042,0.042,0.042,0.042,0.042,0.047,0.047,0.042,0.042,0.047,0.047,0.047,0.047,0.053,0.042,0.042,0.042,0.042,0.042
0.958,0.963,0.968,0.974,0.979,0.984,0.989,0.995,1.000,0.995,0.989,0.984,0.979,0.974,0.968,0.963,0.853,0.853,0.847,0.617,0.622,0.628,0.628,0.622,0.617,0.622,0.810,0.158,0.163,0.163,0.163,0.158,0.163,0.163,0.158,0.158,0.158,0.158,0.158,0.053,0.047,0.047,0.047,0.044,0.047,0.042,0.053,0.047,0.047,0.053,0.042,0.042,0.053,0.053,0.063,0.042,0.048,0.042,0.053,0.053,0.047,0.042,0.042,0.042,0.042,0.042,0.042,0.042,0.047,0.047,0.042,0.042,0.047,0.047,0.047,0.047,0.053,0.042,0.042,0.042,0.042,0.042
0.953,0.958,0.963,0.968,0.974,0.979,0.984,0.989,0.995,1.000,0.995,0.989,0.984,0.979,0.974,0.968,0.858,0.858,0.853,0.622,0.628,0.633,0.633,0.628,0.622,0.628,0.815,0.158,0.163,0.163,0.163,0.158,0.163,0.163,0.158,0.158,0.158,0.158,0.158,0.053,0.047,0.047,0.047,0.044,0.047,0.042,0.053,0.047,0.047,0.053,0.042,0.042,0.053,0.053,0.063,0.042,0.048,0.042,0.053,0.053,0.047,0.042,0.042,0.042,0.042,0.042,0.042,0.042,0.047,0.047,0.042,0.042,0.047,0.047,0.047,0.047,0.053,0.042,0.042,0.042,0.042,0.042
0.947,0.953,0.958,0.963,0.968,0.974,0.979,0.984,0.989,0.995,1.000,0.995,0.989,0.984,0.979,0.974,0.863,0.863,0.858,0.622,0.628,0.633,0.633,0.628,0.622,0.628,0.810,0.158,0.163,0.163,0.163,0.158,0.163,0.163,0.158,0.158,0.158,0.158,0.158,0.053,0.047,0.047,0.047,0.044,0.047,0.042,0.053,0.047,0.047,0.053,0.042,0.042,0.053,0.053,0.063,0.042,0.048,0.042,0.053,0.053,0.047,0.042,0.042,0.042,0.042,0.042,0.042,0.042,0.047,0.047,0.042,0.042,0.047,0.047,0.047,0.047,0.053,0.042,0.042,0.042,0.042,0.042
0.942,0.947,0.953,0.958,0.963,0.968,0.974,0.979,0.984,0.989,0.995,1.000,0.995,0.989,0.984,0.979,0.868,0.868,0.863,0.617,0.622,0.628,0.628,0.622,0.617,0.622,0.804,0.158,0.163,0.163,0.163,0.158,0.163,0.163,0.158,0.158,0.158,0.158,0.158,0.053,0.047,0.047,0.047,0.044,0.047,0.042,0.053,0.047,0.047,0.053,0.042,0.042,0.053,0.053,0.063,0.042,0.048,0.042,0.053,0.053,0.047,0.042,0.042,0.042,0.042,0.042,0.042,0.042,0.047,0.047,0.042,0.042,0.047,0.047,0.047,0.047,0.053,0.042,0.042,0.042,0.042,0.042
0.937,0.942,0.947,0.953,0.958,0.963,0.968,0.974,0.979,0.984,0.989,0.995,1.000,0.995,0.989,0.984,0.868,0.868,0.863,0.617,0.622,0.628,0.628,0.622,0.617,0.622,0.804,0.158,0.163,0.163,0.163,0.158,0.163,0.163,0.158,0.158,0.158,0.158,0.158,0.053,0.047,0.047,0.047,0.044,0.047,0.042,0.053,0.047,0.047,0.053,0.042,0.042,0.053,0.053,0.063,0.042,0.048,0.042,0.053,0.053,0.047,0.042,0.042,0.042,0.042,0.042,0.042,0.042,0.047,0.047,0.042,0.042,0.047,0.047,0.047,0.047,0.053,0.042,0.042,0.042,0.042,0.042
0.932,0.937,0.942,0.947,0.953,0.958,0.963,0.968,0.974,0.979,0.984,0.989,0.995,1.000,0.995,0.989,0.874,0.874,0.868,0.622,0.628,0.633,0.633,0.628,0.622,0.628,0.810,0.163,0.168,0.168,0.168,0.163,0.168,0.168,0.163,0.163,0.163,0.163,0.163,0.053,0.047,0.047,0.047,0.044,0.047,0.042,0.053,0.047,0.047,0.053,0.042,0.042,0.053,0.053,0.063,0.042,0.048,0.042,0.053,0.053,0.047,0.042,0.042,0.042,0.042,0.042,0.042,0.042,0.047,0.047,0.042,0.042,0.047,0.047,0.047,0.047,0.053,0.042,0.042,0.042,0.042,0.042
0.926,0.932,0.937,0.942,0.947,0.953,0.958,0.963,0.968,0.974,0.979,0.984,0.989,0.995,1.000,0.995,0.879,0.879,0.874,0.628,0.633,0.628,0.628,0.622,0.617,0.622,0.804,0.158,0.163,0.163,0.163,0.158,0.163,0.163,0.158,0.158,0.158,0.158,0.158,0.053,0.047,0.047,0.047,0.044,0.047,0.042,0.053,0.047,0.047,0.053,0.042,0.042,0.053,0.053,0.063,0.042,0.048,0.042,0.053,0.053,0.047,0.042,0.042,0.042,0.042,0.042,0.042,0.042,0.047,0.047,0.042,0.042,0.047,0.047,0.047,0.047,0.053,0.042,0.042,0.042,0.042,0.042
0.921,0.926,0.932,0.937,0.942,0.947,0.953,0.958,0.963,0.968,0.974,0.979,0.984,0.989,0.995,1.000,0.884,0.884,0.879,0.633,0.638,0.633,0.633,0.628,0.622,0.628,0.810,0.163,0.168,0.168,0.168,0.163,0.168,0.168,0.163,0.163,0.163,0.163,0.163,0.053,0.053,0.047,0.047,0.044,0.047,0.042,0.053,0.047,0.047,0.053,0.042,0.042,0.053,0.053,0.063,0.042,0.048,0.042,0.053,0.053,0.047,0.042,0.042,0.042,0.042,0.042,0.042,0.042,0.047,0.047,0.042,0.042,0.047,0.047,0.047,0.047,0.053,0.042,0.042,0.042,0.042,0.042
0.816,0.821,0.826,0.832,0.837,0.842,0.847,0.847,0.853,0.858,0.863,0.868,0.868,0.874,0.879,0.884,1.000,0.995,0.990,0.622,0.628,0.622,0.622,0.617,0.612,0.617,0.767,0.221,0.162,0.162,0.162,0.157,0.162,0.162,0.157,0.157,0.157,0.157,0.157,0.037,0.037,0.031,0.031,0.027,0.031,0.026,0.032,0.031,0.037,0.037,0.026,0.031,0.037,0.031,0.047,0.026,0.032,0.026,0.037,0.032,0.037,0.026,0.026,0.026,0.026,0.026,0.026,0.026,0.031,0.031,0.026,0.026,0.031,0.031,0.031,0.031,0.037,0.026,0.026,0.026,0.026,0.026
0.816,0.821,0.826,0.832,0.837,0.842,0.847,0.847,0.853,0.858,0.863,0.868,0.868,0.874,0.879,0.884,0.995,1.000,0.995,0.622,0.628,0.622,0.622,0.617,0.612,0.617,0.767,0.226,0.162,0.162,0.162,0.157,0.162,0.162,0.157,0.157,0.157,0.157,0.157,0.037,0.037,0.031,0.031,0.027,0.031,0.026,0.032,0.031,0.037,0.037,0.026,0.031,0.037,0.031,0.047,0.026,0.032,0.026,0.037,0.032,0.037,0.026,0.026,0.026,0.026,0.026,0.026,0.026,0.031,0.031,0.026,0.026,0.031,0.031,0.031,0.031,0.037,0.026,0.026,0.026,0.026,0.026
0.811,0.816,0.821,0.826,0.832,0.837,0.842,0.842,0.847,0.853,0.858,0.863,0.863,0.868,0.874,0.879,0.990,0.995,1.000,0.628,0.633,0.628,0.628,0.622,0.617,0.612,0.762,0.226,0.162,0.162,0.162,0.157,0.162,0.162,0.157,0.157,0.157,0.157,0.157,0.042,0.042,0.031,0.037,0.033,0.037,0.031,0.037,0.037,0.031,0.042,0.031,0.037,0.042,0.037,0.052,0.031,0.037,0.031,0.043,0.037,0.042,0.031,0.031,0.031,0.031,0.031,0.031,0.031,0.037,0.037,0.031,0.031,0.037,0.037,0.037,0.037,0.042,0.031,0.031,0.031,0.031,0.031
0.580,0.585,0.590,0.596,0.601,0.606,0.612,0.612,0.617,0.622,0.622,0.617,0.617,0.622,0.628,0.633,0.622,0.622,0.628,1.000,0.995,0.989,0.984,0.979,0.973,0.968,0.713,0.223,0.229,0.229,0.229,0.223,0.229,0.229,0.223,0.223,0.223,0.223,0.223,0.074,0.064,0.064,0.069,0.050,0.059,0.053,0.064,0.069,0.053,0.064,0.064,0.059,0.053,0.053,0.085,0.059,0.059,0.053,0.059,0.059,0.059,0.053,0.053,0.053,0.059,0.059,0.064,0.064,0.069,0.069,0.053,0.053,0.059,0.059,0.059,0.059,0.064,0.053,0.053,0.053,0.053,0.053
0.585,0.590,0.596,0.601,0.606,0.612,0.617,0.617,0.622,0.628,0.628,0.622,0.622,0.628,0.633,0.638,0.628,0.628,0.633,0.995,1.000,0.995,0.989,0.984,0.979,0.973,0.718,0.223,0.229,0.229,0.229,0.223,0.229,0.229,0.223,0.223,0.223,0.223,0.223,0.074,0.064,0.064,0.069,0.050,0.059,0.053,0.064,0.069,0.053,0.064,0.064,0.059,0.053,0.053,0.085,0.059,0.059,0.053,0.059,0.059,0.059,0.053,0.053,0.053,0.059,0.059,0.064,0.064,0.069,0.069,0.053,0.053,0.059,0.059,0.059,0.059,0.064,0.053,0.053,0.053,0.053,0.053
0.590,0.596,0.601,0.606,0.612,0.617,0.622,0.622,0.628,0.633,0.633,0.628,0.628,0.633,0.628,0.633,0.622,0.622,0.628,0.989,0.995,1.000,0.995,0.989,0.984,0.979,0.723,0.229,0.234,0.234,0.234,0.229,0.234,0.234,0.229,0.229,0.229,0.229,0.229,0.074,0.064,0.064,0.069,0.050,0.059,0.053,0.064,0.069,0.053,0.064,0.064,0.059,0.053,0.053,0.085,0.059,0.059,0.053,0.059,0.059,0.059,0.053,0.053,0.053,0.059,0.059,0.064,0.064,0.069,0.069,0.053,0.053,0.059,0.059,0.059,0.059,0.064,0.053,0.053,0.053,0.053,0.053
0.590,0.596,0.601,0.606,0.612,0.617,0.622,0.622,0.628,0.633,0.633,0.628,0.628,0.633,0.628,0.633,0.622,0.622,0.628,0.984,0.989,0.995,1.000,0.995,0.989,0.984,0.729,0.229,0.234,0.234,0.234,0.229,0.234,0.234,0.229,0.229,0.229,0.229,0.229,0.069,0.059,0.059,0.064,0.044,0.053,0.048,0.059,0.064,0.048,0.059,0.059,0.053,0.048,0.048,0.080,0.053,0.053,0.048,0.054,0.053,0.053,0.048,0.048,0.048,0.053,0.053,0.059,0.059,0.064,0.064,0.048,0.048,0.053,0.053,0.053,0.053,0.059,0.048,0.048,0.048,0.048,0.048
0.596,0.590,0.596,0.601,0.606,0.612,0.617,0.617,0.622,0.628,0.628,0.622,0.622,0.628,0.622,0.628,0.617,0.617,0.622,0.979,0.984,0.989,0.995,1.000,0.995,0.989,0.734,0.234,0.239,0.239,0.239,0.234,0.239,0.239,0.234,0.234,0.234,0.234,0.234,0.069,0.059,0.059,0.064,0.044,0.053,0.048,0.059,0.064,0.048,0.059,0.059,0.053,0.048,0.048,0.080,0.053,0.053,0.048,0.054,0.053,0.053,0.048,0.048,0.048,0.053,0.053,0.059,0.059,0.064,0.064,0.048,0.048,0.053,0.053,0.053,0.053,0.059,0.048,0.048,0.048,0.048,0.048
0.590,0.585,0.590,0.596,0.601,0.606,0.612,0.612,0.617,0.622,0.622,0.617,0.617,0.622,0.617,0.622,0.612,0.612,0.617,0.973,0.979,0.984,0.989,0.995,1.000,0.995,0.739,0.234,0.239,0.239,0.239,0.234,0.239,0.239,0.234,0.234,0.234,0.234,0.234,0.069,0.059,0.059,0.064,0.044,0.053,0.048,0.059,0.064,0.048,0.059,0.059,0.053,0.048,0.048,0.080,0.053,0.053,0.048,0.054,0.053,0.053,0.048,0.048,0.048,0.053,0.053,0.059,0.059,0.064,0.064,0.048,0.048,0.053,0.053,0.053,0.053,0.059,0.048,0.048,0.048,0.048,0.048
0.596,0.590,0.596,0.601,0.606,0.612,0.617,0.617,0.622,0.628,0.628,0.622,0.622,0.628,0.622,0.628,0.617,0.617,0.612,0.968,0.973,0.979,0.984,0.989,0.995,1.000,0.745,0.234,0.239,0.239,0.239,0.234,0.239,0.239,0.234,0.234,0.234,0.234,0.234,0.064,0.053,0.059,0.059,0.039,0.048,0.043,0.053,0.059,0.053,0.053,0.053,0.048,0.043,0.043,0.074,0.048,0.048,0.043,0.049,0.048,0.048,0.043,0.043,0.043,0.048,0.048,0.053,0.053,0.059,0.059,0.043,0.043,0.048,0.048,0.048,0.048,0.053,0.043,0.043,0.043,0.043,0.043
0.778,0.772,0.778,0.783,0.788,0.794,0.799,0.804,0.810,0.815,0.810,0.804,0.804,0.810,0.804,0.810,0.767,0.767,0.762,0.713,0.718,0.723,0.729,0.734,0.739,0.745,1.000,0.228,0.228,0.228,0.228,0.222,0.228,0.228,0.222,0.222,0.222,0.222,0.222,0.063,0.053,0.058,0.058,0.039,0.048,0.042,0.053,0.058,0.053,0.053,0.053,0.042,0.042,0.042,0.069,0.048,0.048,0.042,0.048,0.053,0.042,0.042,0.042,0.042,0.048,0.048,0.053,0.053,0.058,0.058,0.042,0.042,0.048,0.048,0.048,0.048,0.053,0.042,0.042,0.042,0.042,0.042
0.174,0.168,0.168,0.168,0.168,0.163,0.158,0.158,0.158,0.158,0.158,0.158,0.158,0.163,0.158,0.163,0.221,0.226,0.226,0.223,0.223,0.229,0.229,0.234,0.234,0.234,0.228,1.000,0.905,0.905,0.900,0.895,0.889,0.884,0.879,0.874,0.868,0.868,0.863,0.053,0.042,0.053,0.058,0.055,0.053,0.058,0.058,0.053,0.053,0.047,0.058,0.058,0.047,0.037,0.063,0.058,0.042,0.053,0.053,0.058,0.058,0.053,0.053,0.053,0.058,0.058,0.058,0.058,0.053,0.058,0.053,0.053,0.058,0.058,0.047,0.037,0.047,0.053,0.053,0.053,0.053,0.053
0.179,0.174,0.174,0.174,0.174,0.168,0.163,0.163,0.163,0.163,0.163,0.163,0.163,0.168,0.163,0.168,0.162,0.162,0.162,0.229,0.229,0.234,0.234,0.239,0.239,0.239,0.228,0.905,1.000,0.995,0.990,0.984,0.979,0.974,0.969,0.963,0.958,0.953,0.948,0.047,0.037,0.047,0.052,0.049,0.047,0.052,0.053,0.047,0.047,0.042,0.052,0.058,0.042,0.031,0.058,0.052,0.037,0.047,0.048,0.053,0.052,0.047,0.047,0.047,0.052,0.052,0.052,0.052,0.047,0.052,0.047,0.047,0.052,0.052,0.042,0.031,0.042,0.047,0.047,0.047,0.047,0.047
0.179,0.174,0.174,0.174,0.174,0.168,0.163,0.163,0.163,0.163,0.163,0.163,0.163,0.168,0.163,0.168,0.162,0.162,0.162,0.229,0.229,0.234,0.234,0.239,0.239,0.239,0.228,0.905,0.995,1.000,0.995,0.990,0.984,0.979,0.974,0.969,0.963,0.958,0.953,0.047,0.037,0.047,0.052,0.049,0.047,0.052,0.053,0.047,0.047,0.042,0.052,0.058,0.042,0.031,0.058,0.052,0.037,0.047,0.048,0.053,0.052,0.047,0.047,0.047,0.052,0.052,0.052,0.052,0.047,0.052,0.047,0.047,0.052,0.052,0.042,0.031,0.042,0.047,0.047,0.047,0.047,0.047
0.179,0.174,0.174,0.174,0.174,0.168,0.163,0.163,0.163,0.163,0.163,0.163,0.163,0.168,0.163,0.168,0.162,0.162,0.162,0.229,0.229,0.234,0.234,0.239,0.239,0.239,0.228,0.900,0.990,0.995,1.000,0.995,0.990,0.984,0.979,0.974,0.969,0.963,0.958,0.047,0.037,0.047,0.052,0.049,0.047,0.052,0.053,0.047,0.047,0.042,0.052,0.058,0.042,0.031,0.058,0.052,0.037,0.047,0.048,0.053,0.052,0.047,0.047,0.047,0.052,0.052,0.052,0.052,0.047,0.052,0.047,0.047,0.052,0.052,0.042,0.031,0.042,0.047,0.047,0.047,0.047,0.047
0.174,0.168,0.168,0.168,0.168,0.163,0.158,0.158,0.158,0.158,0.158,0.158,0.158,0.163,0.158,0.163,0.157,0.157,0.157,0.223,0.223,0.229,0.229,0.234,0.234,0.234,0.222,0.895,0.984,0.990,0.995,1.000,0.995,0.990,0.984,0.979,0.974,0.969,0.963,0.047,0.037,0.047,0.052,0.049,0.047,0.052,0.053,0.047,0.047,0.042,0.052,0.058,0.042,0.031,0.058,0.052,0.037,0.047,0.048,0.053,0.052,0.047,0.047,0.047,0.052,0.052,0.052,0.052,0.047,0.052,0.047,0.047,0.052,0.052,0.042,0.031,0.042,0.047,0.047,0.047,0.047,0.047
0.179,0.174,0.174,0.174,0.174,0.168,0.163,0.163,0.163,0.163,0.163,0.163,0.163,0.168,0.163,0.168,0.162,0.162,0.162,0.229,0.229,0.234,0.234,0.239,0.239,0.239,0.228,0.889,0.979,0.984,0.990,0.995,1.000,0.995,0.990,0.984,0.979,0.974,0.969,0.047,0.037,0.047,0.052,0.049,0.047,0.052,0.053,0.047,0.047,0.042,0.052,0.058,0.042,0.031,0.058,0.052,0.037,0.047,0.048,0.053,0.052,0.047,0.047,0.047,0.052,0.052,0.052,0.052,0.047,0.052,0.047,0.047,0.052,0.052,0.042,0.031,0.042,0.047,0.047,0.047,0.047,0.047
0.179,0.174,0.174,0.174,0.174,0.168,0.163,0.163,0.163,0.163,0.163,0.163,0.163,0.168,0.163,0.168,0.162,0.162,0.162,0.229,0.229,0.234,0.234,0.239,0.239,0.239,0.228,0.884,0.974,0.979,0.984,0.990,0.995,1.000,0.995,0.990,0.984,0.979,0.974,0.047,0.037,0.047,0.052,0.049,0.047,0.052,0.053,0.047,0.047,0.042,0.052,0.058,0.042,0.031,0.058,0.052,0.037,0.047,0.048,0.053,0.052,0.047,0.047,0.047,0.052,0.052,0.052,0.052,0.047,0.052,0.047,0.047,0.052,0.052,0.042,0.031,0.042,0.047,0.047,0.047,0.047,0.047
0.174,0.168,0.168,0.168,0.168,0.163,0.158,0.158,0.158,0.158,0.158,0.158,0.158,0.163,0.158,0.163,0.157,0.157,0.157,0.223,0.223,0.229,0.229,0.234,0.234,0.234,0.222,0.879,0.969,0.974,0.979,0.984,0.990,0.995,1.000,0.995,0.990,0.984,0.979,0.047,0.037,0.047,0.052,0.049,0.047,0.052,0.053,0.047,0.047,0.042,0.052,0.058,0.042,0.031,0.058,0.052,0.037,0.047,0.048,0.053,0.052,0.047,0.047,0.047,0.052,0.052,0.052,0.052,0.047,0.052,0.047,0.047,0.052,0.052,0.042,0.031,0.042,0.047,0.047,0.047,0.047,0.047
0.174,0.168,0.168,0.168,0.168,0.163,0.158,0.158,0.158,0.158,0.158,0.158,0.158,0.163,0.158,0.163,0.157,0.157,0.157,0.223,0.223,0.229,0.229,0.234,0.234,0.234,0.222,0.874,0.963,0.969,0.974,0.979,0.984,0.990,0.995,1.000,0.995,0.990,0.984,0.047,0.037,0.047,0.052,0.049,0.047,0.052,0.053,0.047,0.047,0.042,0.052,0.058,0.042,0.031,0.058,0.052,0.037,0.047,0.048,0.053,0.052,0.047,0.047,0.047,0.052,0.052,0.052,0.052,0.047,0.052,0.047,0.047,0.052,0.052,0.042,0.031,0.042,0.047,0.047,0.047,0.047,0.047
0.179,0.174,0.168,0.168,0.168,0.163,0.158,0.158,0.158,0.158,0.158,0.158,0.158,0.163,0.158,0.163,0.157,0.157,0.157,0.223,0.223,0.229,0.229,0.234,0.234,0.234,0.222,0.868,0.958,0.963,0.969,0.974,0.979,0.984,0.990,0.995,1.000,0.995,0.990,0.047,0.037,0.047,0.052,0.049,0.047,0.052,0.053,0.047,0.047,0.042,0.052,0.058,0.042,0.031,0.058,0.052,0.037,0.047,0.048,0.053,0.052,0.047,0.047,0.047,0.052,0.052,0.052,0.052,0.047,0.052,0.047,0.047,0.052,0.052,0.042,0.031,0.042,0.047,0.047,0.047,0.047,0.047
0.179,0.174,0.168,0.168,0.168,0.163,0.158,0.158,0.158,0.158,0.158,0.158,0.158,0.163,0.158,0.163,0.157,0.157,0.157,0.223,0.223,0.229,0.229,0.234,0.234,0.234,0.222,0.868,0.953,0.958,0.963,0.969,0.974,0.979,0.984,0.990,0.995,1.000,0.995,0.047,0.037,0.047,0.052,0.049,0.047,0.052,0.053,0.047,0.047,0.042,0.052,0.058,0.042,0.031,0.058,0.052,0.037,0.047,0.048,0.053,0.052,0.047,0.047,0.047,0.052,0.052,0.052,0.052,0.047,0.052,0.047,0.047,0.052,0.052,0.042,0.031,0.042,0.047,0.047,0.047,0.047,0.047
0.179,0.174,0.168,0.168,0.168,0.163,0.158,0.158,0.158,0.158,0.158,0.158,0.158,0.163,0.158,0.163,0.157,0.157,0.157,0.223,0.223,0.229,0.229,0.234,0.234,0.234,0.222,0.863,0.948,0.953,0.958,0.963,0.969,0.974,0.979,0.984,0.990,0.995,1.000,0.047,0.037,0.047,0.052,0.049,0.047,0.052,0.053,0.047,0.047,0.042,0.052,0.058,0.042,0.031,0.058,0.052,0.037,0.047,0.048,0.053,0.052,0.047,0.047,0.047,0.052,0.052,0.052,0.052,0.047,0.052,0.047,0.047,0.052,0.052,0.042,0.031,0.042,0.047,0.047,0.047,0.047,0.047
0.058,0.058,0.058,0.058,0.053,0.053,0.053,0.053,0.053,0.053,0.053,0.053,0.053,0.053,0.053,0.053,0.037,0.037,0.042,0.074,0.074,0.074,0.069,0.069,0.069,0.064,0.063,0.053,0.047,0.047,0.047,0.047,0.047,0.047,0.047,0.047,0.047,0.047,0.047,1.000,0.727,0.861,0.851,0.798,0.847,0.843,0.879,0.972,0.769,0.755,0.944,0.829,0.852,0.792,0.741,0.847,0.744,0.806,0.826,0.813,0.822,0.870,0.875,0.903,0.917,0.926,0.954,0.963,0.981,0.875,0.898,0.894,0.889,0.884,0.792,0.750,0.769,0.894,0.875,0.875,0.866,0.861
0.053,0.053,0.053,0.053,0.047,0.047,0.047,0.047,0.047,0.047,0.047,0.047,0.047,0.047,0.047,0.053,0.037,0.037,0.042,0.064,0.064,0.064,0.059,0.059,0.059,0.053,0.053,0.042,0.037,0.037,0.037,0.037,0.037,0.037,0.037,0.037,0.037,0.037,0.037,0.727,1.000,0.713,0.707,0.731,0.750,0.750,0.716,0.722,0.722,0.870,0.727,0.778,0.741,0.736,0.856,0.741,0.921,0.713,0.756,0.720,0.780,0.759,0.764,0.769,0.769,0.759,0.745,0.741,0.731,0.713,0.778,0.778,0.796,0.801,0.912,0.972,0.880,0.778,0.764,0.764,0.755,0.759
0.053,0.053,0.053,0.053,0.047,0.047,0.047,0.047,0.047,0.047,0.047,0.047,0.047,0.047,0.047,0.047,0.031,0.031,0.031,0.064,0.064,0.064,0.059,0.059,0.059,0.059,0.058,0.053,0.047,0.047,0.047,0.047,0.047,0.047,0.047,0.047,0.047,0.047,0.047,0.861,0.713,1.000,0.953,0.788,0.819,0.824,0.837,0.866,0.769,0.736,0.884,0.819,0.843,0.782,0.722,0.829,0.721,0.782,0.793,0.799,0.808,0.847,0.852,0.875,0.875,0.875,0.903,0.894,0.875,0.981,0.861,0.866,0.852,0.847,0.764,0.731,0.745,0.866,0.852,0.852,0.838,0.833
0.053,0.053,0.053,0.053,0.047,0.047,0.047,0.047,0.047,0.047,0.047,0.047,0.047,0.047,0.047,0.047,0.031,0.031,0.037,0.069,0.069,0.069,0.064,0.064,0.064,0.059,0.058,0.058,0.052,0.052,0.052,0.052,0.052,0.052,0.052,0.052,0.052,0.052,0.052,0.851,0.707,0.953,1.000,0.787,0.814,0.823,0.832,0.860,0.753,0.744,0.874,0.805,0.833,0.777,0.726,0.823,0.715,0.777,0.788,0.790,0.799,0.837,0.842,0.870,0.870,0.870,0.898,0.888,0.870,0.972,0.856,0.860,0.847,0.842,0.763,0.721,0.749,0.860,0.842,0.842,0.833,0.823
0.049,0.049,0.049,0.049,0.044,0.044,0.044,0.044,0.044,0.044,0.044,0.044,0.044,0.044,0.044,0.044,0.027,0.027,0.033,0.050,0.050,0.050,0.044,0.044,0.044,0.039,0.039,0.055,0.049,0.049,0.049,0.049,0.049,0.049,0.049,0.049,0.049,0.049,0.049,0.798,0.731,0.788,0.787,1.000,0.817,0.861,0.807,0.803,0.784,0.760,0.822,0.832,0.817,0.803,0.736,0.827,0.758,0.817,0.839,0.782,0.796,0.846,0.851,0.851,0.846,0.837,0.832,0.822,0.812,0.803,0.856,0.856,0.846,0.851,0.769,0.740,0.760,0.856,0.851,0.851,0.837,0.861
0.053,0.053,0.053,0.053,0.047,0.047,0.047,0.047,0.047,0.047,0.047,0.047,0.047,0.047,0.047,0.047,0.031,0.031,0.037,0.059,0.059,0.059,0.053,0.053,0.053,0.048,0.048,0.053,0.047,0.047,0.047,0.047,0.047,0.047,0.047,0.047,0.047,0.047,0.047,0.847,0.750,0.819,0.814,0.817,1.000,0.917,0.851,0.861,0.787,0.782,0.866,0.833,0.856,0.829,0.764,0.921,0.763,0.884,0.878,0.836,0.836,0.931,0.935,0.917,0.907,0.898,0.880,0.875,0.861,0.833,0.907,0.912,0.889,0.884,0.796,0.769,0.792,0.912,0.935,0.940,0.958,0.907
0.047,0.047,0.047,0.047,0.042,0.042,0.042,0.042,0.042,0.042,0.042,0.042,0.042,0.042,0.042,0.042,0.026,0.026,0.031,0.053,0.053,0.053,0.048,0.048,0.048,0.043,0.042,0.058,0.052,0.052,0.052,0.052,0.052,0.052,0.052,0.052,0.052,0.052,0.052,0.843,0.750,0.824,0.823,0.861,0.917,1.000,0.870,0.852,0.810,0.764,0.870,0.856,0.861,0.847,0.745,0.921,0.753,0.889,0.901,0.827,0.846,0.958,0.963,0.935,0.926,0.912,0.889,0.880,0.861,0.838,0.926,0.926,0.903,0.907,0.796,0.759,0.773,0.926,0.963,0.968,0.949,0.935
0.058,0.058,0.058,0.058,0.053,0.053,0.053,0.053,0.053,0.053,0.053,0.053,0.053,0.053,0.053,0.053,0.032,0.032,0.037,0.064,0.064,0.064,0.059,0.059,0.059,0.053,0.053,0.058,0.053,0.053,0.053,0.053,0.053,0.053,0.053,0.053,0.053,0.053,0.053,0.879,0.716,0.837,0.832,0.807,0.851,0.870,1.000,0.884,0.791,0.749,0.902,0.819,0.860,0.800,0.735,0.865,0.738,0.819,0.840,0.845,0.845,0.888,0.893,0.921,0.935,0.949,0.921,0.912,0.893,0.856,0.907,0.902,0.888,0.884,0.781,0.735,0.763,0.902,0.893,0.893,0.879,0.879
0.053,0.053,0.053,0.053,0.047,0.047,0.047,0.047,0.047,0.047,0.047,0.047,0.047,0.047,0.047,0.047,0.031,0.031,0.037,0.069,0.069,0.069,0.064,0.064,0.064,0.059,0.058,0.053,0.047,0.047,0.047,0.047,0.047,0.047,0.047,0.047,0.047,0.047,0.047,0.972,0.722,0.866,0.860,0.803,0.861,0.852,0.884,1.000,0.773,0.750,0.954,0.829,0.866,0.796,0.736,0.852,0.740,0.819,0.826,0.827,0.822,0.880,0.884,0.912,0.926,0.935,0.963,0.972,0.991,0.884,0.907,0.903,0.889,0.884,0.787,0.745,0.764,0.903,0.884,0.884,0.870,0.870
0.053,0.053,0.053,0.053,0.047,0.047,0.047,0.047,0.047,0.047,0.047,0.047,0.047,0.047,0.047,0.047,0.037,0.037,0.031,0.053,0.053,0.053,0.048,0.048,0.048,0.053,0.053,0.053,0.047,0.047,0.047,0.047,0.047,0.047,0.047,0.047,0.047,0.047,0.047,0.769,0.722,0.769,0.753,0.784,0.787,0.810,0.791,0.773,1.000,0.736,0.782,0.782,0.796,0.750,0.731,0.773,0.740,0.759,0.775,0.762,0.799,0.815,0.819,0.833,0.829,0.819,0.796,0.796,0.782,0.773,0.843,0.843,0.819,0.824,0.778,0.736,0.745,0.843,0.819,0.819,0.806,0.806
0.058,0.058,0.058,0.058,0.053,0.053,0.053,0.053,0.053,0.053,0.053,0.053,0.053,0.053,0.053,0.053,0.037,0.037,0.042,0.064,0.064,0.064,0.059,0.059,0.059,0.053,0.053,0.047,0.042,0.042,0.042,0.042,0.042,0.042,0.042,0.042,0.042,0.042,0.042,0.755,0.870,0.736,0.744,0.760,0.782,0.764,0.749,0.750,0.736,1.000,0.750,0.787,0.773,0.755,0.949,0.769,0.860,0.741,0.784,0.738,0.822,0.782,0.778,0.801,0.801,0.792,0.778,0.769,0.759,0.745,0.810,0.810,0.833,0.833,0.940,0.884,0.981,0.810,0.778,0.778,0.782,0.778
0.047,0.047,0.047,0.047,0.042,0.042,0.042,0.042,0.042,0.042,0.042,0.042,0.042,0.042,0.042,0.042,0.026,0.026,0.031,0.064,0.064,0.064,0.059,0.059,0.059,0.053,0.053,0.058,0.052,0.052,0.052,0.052,0.052,0.052,0.052,0.052,0.052,0.052,0.052,0.944,0.727,0.884,0.874,0.822,0.866,0.870,0.902,0.954,0.782,0.750,1.000,0.838,0.856,0.796,0.736,0.870,0.744,0.829,0.840,0.832,0.827,0.898,0.903,0.921,0.935,0.944,0.972,0.981,0.963,0.898,0.907,0.903,0.884,0.880,0.782,0.745,0.764,0.903,0.903,0.903,0.889,0.889
0.047,0.047,0.047,0.047,0.042,0.042,0.042,0.042,0.042,0.042,0.042,0.042,0.042,0.042,0.042,0.042,0.031,0.031,0.037,0.059,0.059,0.059,0.053,0.053,0.053,0.048,0.042,0.058,0.058,0.058,0.058,0.058,0.058,0.058,0.058,0.058,0.058,0.058,0.058,0.829,0.778,0.819,0.805,0.832,0.833,0.856,0.819,0.829,0.782,0.787,0.838,1.000,0.866,0.815,0.769,0.852,0.795,0.806,0.859,0.799,0.850,0.866,0.870,0.880,0.880,0.866,0.847,0.838,0.838,0.824,0.894,0.894,0.921,0.926,0.824,0.801,0.796,0.894,0.870,0.870,0.852,0.870
0.058,0.058,0.058,0.058,0.053,0.053,0.053,0.053,0.053,0.053,0.053,0.053,0.053,0.053,0.053,0.053,0.037,0.037,0.042,0.053,0.053,0.053,0.048,0.048,0.048,0.043,0.042,0.047,0.042,0.042,0.042,0.042,0.042,0.042,0.042,0.042,0.042,0.042,0.042,0.852,0.741,0.843,0.833,0.817,0.856,0.861,0.860,0.866,0.796,0.773,0.856,0.866,1.000,0.815,0.755,0.843,0.763,0.824,0.845,0.827,0.869,0.880,0.884,0.912,0.898,0.889,0.880,0.870,0.866,0.856,0.926,0.926,0.921,0.917,0.806,0.764,0.782,0.926,0.884,0.884,0.866,0.870
0.058,0.058,0.058,0.058,0.053,0.053,0.053,0.053,0.053,0.053,0.053,0.053,0.053,0.053,0.053,0.053,0.031,0.031,0.037,0.053,0.053,0.053,0.048,0.048,0.048,0.043,0.042,0.037,0.031,0.031,0.031,0.031,0.031,0.031,0.031,0.031,0.031,0.031,0.031,0.792,0.736,0.782,0.777,0.803,0.829,0.847,0.800,0.796,0.750,0.755,0.796,0.815,0.815,1.000,0.745,0.833,0.730,0.796,0.869,0.780,0.799,0.866,0.870,0.852,0.843,0.833,0.810,0.801,0.801,0.787,0.847,0.847,0.838,0.843,0.778,0.741,0.769,0.847,0.870,0.866,0.852,0.898
0.068,0.068,0.068,0.068,0.063,0.063,0.063,0.063,0.063,0.063,0.063,0.063,0.063,0.063,0.063,0.063,0.047,0.047,0.052,0.085,0.085,0.085,0.080,0.080,0.080,0.074,0.069,0.063,0.058,0.058,0.058,0.058,0.058,0.058,0.058,0.058,0.058,0.058,0.058,0.741,0.856,0.722,0.726,0.736,0.764,0.745,0.735,0.736,0.731,0.949,0.736,0.769,0.755,0.745,1.000,0.750,0.837,0.722,0.765,0.710,0.808,0.769,0.764,0.787,0.787,0.778,0.764,0.755,0.745,0.731,0.796,0.796,0.819,0.819,0.921,0.870,0.968,0.796,0.764,0.764,0.764,0.764
0.047,0.047,0.047,0.047,0.042,0.042,0.042,0.042,0.042,0.042,0.042,0.042,0.042,0.042,0.042,0.042,0.026,0.026,0.031,0.059,0.059,0.059,0.053,0.053,0.053,0.048,0.048,0.058,0.052,0.052,0.052,0.052,0.052,0.052,0.052,0.052,0.052,0.052,0.052,0.847,0.741,0.829,0.823,0.827,0.921,0.921,0.865,0.852,0.773,0.769,0.870,0.852,0.843,0.833,0.750,1.000,0.744,0.889,0.883,0.827,0.832,0.940,0.944,0.917,0.917,0.912,0.889,0.880,0.861,0.843,0.907,0.903,0.889,0.884,0.787,0.750,0.778,0.903,0.944,0.949,0.963,0.926
0.053,0.053,0.053,0.053,0.048,0.048,0.048,0.048,0.048,0.048,0.048,0.048,0.048,0.048,0.048,0.048,0.032,0.032,0.037,0.059,0.059,0.059,0.053,0.053,0.053,0.048,0.048,0.042,0.037,0.037,0.037,0.037,0.037,0.037,0.037,0.037,0.037,0.037,0.037,0.744,0.921,0.721,0.715,0.758,0.763,0.753,0.738,0.740,0.740,0.860,0.744,0.795,0.763,0.730,0.837,0.744,1.000,0.716,0.745,0.751,0.789,0.763,0.767,0.781,0.781,0.772,0.758,0.753,0.749,0.726,0.795,0.795,0.809,0.814,0.902,0.944,0.860,0.795,0.767,0.767,0.758,0.763
0.047,0.047,0.047,0.047,0.042,0.042,0.042,0.042,0.042,0.042,0.042,0.042,0.042,0.042,0.042,0.042,0.026,0.026,0.031,0.053,0.053,0.053,0.048,0.048,0.048,0.043,0.042,0.053,0.047,0.047,0.047,0.047,0.047,0.047,0.047,0.047,0.047,0.047,0.047,0.806,0.713,0.782,0.777,0.817,0.884,0.889,0.819,0.819,0.759,0.741,0.829,0.806,0.824,0.796,0.722,0.889,0.716,1.000,0.854,0.808,0.813,0.917,0.912,0.884,0.880,0.866,0.843,0.838,0.824,0.796,0.889,0.884,0.861,0.856,0.755,0.727,0.750,0.884,0.912,0.907,0.903,0.894
0.059,0.059,0.059,0.059,0.053,0.053,0.053,0.053,0.053,0.053,0.053,0.053,0.053,0.053,0.053,0.053,0.037,0.037,0.043,0.059,0.059,0.059,0.054,0.054,0.054,0.049,0.048,0.053,0.048,0.048,0.048,0.048,0.048,0.048,0.048,0.048,0.048,0.048,0.048,0.826,0.756,0.793,0.788,0.839,0.878,0.901,0.840,0.826,0.775,0.784,0.840,0.859,0.845,0.869,0.765,0.883,0.745,0.854,1.000,0.787,0.853,0.915,0.920,0.901,0.892,0.878,0.854,0.845,0.836,0.808,0.897,0.892,0.897,0.897,0.803,0.761,0.793,0.892,0.920,0.915,0.901,0.944
0.058,0.058,0.058,0.058,0.053,0.053,0.053,0.053,0.053,0.053,0.053,0.053,0.053,0.053,0.053,0.053,0.032,0.032,0.037,0.059,0.059,0.059,0.053,0.053,0.053,0.048,0.053,0.058,0.053,0.053,0.053,0.053,0.053,0.053,0.053,0.053,0.053,0.053,0.053,0.813,0.720,0.799,0.790,0.782,0.836,0.827,0.845,0.827,0.762,0.738,0.832,0.799,0.827,0.780,0.710,0.827,0.751,0.808,0.787,1.000,0.803,0.841,0.846,0.874,0.883,0.874,0.850,0.846,0.827,0.818,0.860,0.860,0.855,0.850,0.762,0.738,0.738,0.860,0.846,0.846,0.836,0.827
0.053,0.053,0.053,0.053,0.047,0.047,0.047,0.047,0.047,0.047,0.047,0.047,0.047,0.047,0.047,0.047,0.037,0.037,0.042,0.059,0.059,0.059,0.053,0.053,0.053,0.048,0.042,0.058,0.052,0.052,0.052,0.052,0.052,0.052,0.052,0.052,0.052,0.052,0.052,0.822,0.780,0.808,0.799,0.796,0.836,0.846,0.845,0.822,0.799,0.822,0.827,0.850,0.869,0.799,0.808,0.832,0.789,0.813,0.853,0.803,1.000,0.860,0.864,0.883,0.883,0.874,0.850,0.841,0.832,0.827,0.893,0.893,0.916,0.911,0.850,0.799,0.836,0.893,0.864,0.864,0.846,0.855
0.047,0.047,0.047,0.047,0.042,0.042,0.042,0.042,0.042,0.042,0.042,0.042,0.042,0.042,0.042,0.042,0.026,0.026,0.031,0.053,0.053,0.053,0.048,0.048,0.048,0.043,0.042,0.053,0.047,0.047,0.047,0.047,0.047,0.047,0.047,0.047,0.047,0.047,0.047,0.870,0.759,0.847,0.837,0.846,0.931,0.958,0.888,0.880,0.815,0.782,0.898,0.866,0.880,0.866,0.769,0.940,0.763,0.917,0.915,0.841,0.860,1.000,0.995,0.963,0.954,0.940,0.917,0.907,0.889,0.861,0.954,0.949,0.921,0.917,0.806,0.769,0.796,0.949,0.995,0.991,0.968,0.968
0.047,0.047,0.047,0.047,0.042,0.042,0.042,0.042,0.042,0.042,0.042,0.042,0.042,0.042,0.042,0.042,0.026,0.026,0.031,0.053,0.053,0.053,0.048,0.048,0.048,0.043,0.042,0.053,0.047,0.047,0.047,0.047,0.047,0.047,0.047,0.047,0.047,0.047,0.047,0.875,0.764,0.852,0.842,0.851,0.935,0.963,0.893,0.884,0.819,0.778,0.903,0.870,0.884,0.870,0.764,0.944,0.767,0.912,0.920,0.846,0.864,0.995,1.000,0.968,0.958,0.944,0.921,0.912,0.894,0.866,0.958,0.954,0.926,0.921,0.810,0.773,0.792,0.954,1.000,0.995,0.972,0.972
0.047,0.047,0.047,0.047,0.042,0.042,0.042,0.042,0.042,0.042,0.042,0.042,0.042,0.042,0.042,0.042,0.026,0.026,0.031,0.053,0.053,0.053,0.048,0.048,0.048,0.043,0.042,0.053,0.047,0.047,0.047,0.047,0.047,0.047,0.047,0.047,0.047,0.047,0.047,0.903,0.769,0.875,0.870,0.851,0.917,0.935,0.921,0.912,0.833,0.801,0.921,0.880,0.912,0.852,0.787,0.917,0.781,0.884,0.901,0.874,0.883,0.963,0.968,1.000,0.986,0.972,0.949,0.940,0.921,0.894,0.986,0.981,0.954,0.949,0.833,0.787,0.815,0.981,0.968,0.968,0.944,0.949
0.047,0.047,0.047,0.047,0.042,0.042,0.042,0.042,0.042,0.042,0.042,0.042,0.042,0.042,0.042,0.042,0.026,0.026,0.031,0.059,0.059,0.059,0.053,0.053,0.053,0.048,0.048,0.058,0.052,0.052,0.052,0.052,0.052,0.052,0.052,0.052,0.052,0.052,0.052,0.917,0.769,0.875,0.870,0.846,0.907,0.926,0.935,0.926,0.829,0.801,0.935,0.880,0.898,0.843,0.787,0.917,0.781,0.880,0.892,0.883,0.883,0.954,0.958,0.986,1.000,0.986,0.963,0.954,0.935,0.894,0.972,0.968,0.949,0.944,0.833,0.787,0.815,0.968,0.958,0.958,0.935,0.940
0.047,0.047,0.047,0.047,0.042,0.042,0.042,0.042,0.042,0.042,0.042,0.042,0.042,0.042,0.042,0.042,0.026,0.026,0.031,0.059,0.059,0.059,0.053,0.053,0.053,0.048,0.048,0.058,0.052,0.052,0.052,0.052,0.052,0.052,0.052,0.052,0.052,0.052,0.052,0.926,0.759,0.875,0.870,0.837,0.898,0.912,0.949,0.935,0.819,0.792,0.944,0.866,0.889,0.833,0.778,0.912,0.772,0.866,0.878,0.874,0.874,0.940,0.944,0.972,0.986,1.000,0.972,0.963,0.944,0.894,0.958,0.954,0.935,0.931,0.824,0.778,0.806,0.954,0.944,0.944,0.926,0.926
0.047,0.047,0.047,0.047,0.042,0.042,0.042,0.042,0.042,0.042,0.042,0.042,0.042,0.042,0.042,0.042,0.026,0.026,0.031,0.064,0.064,0.064,0.059,0.059,0.059,0.053,0.053,0.058,0.052,0.052,0.052,0.052,0.052,0.052,0.052,0.052,0.052,0.052,0.052,0.954,0.745,0.903,0.898,0.832,0.880,0.889,0.921,0.963,0.796,0.778,0.972,0.847,0.880,0.810,0.764,0.889,0.758,0.843,0.854,0.850,0.850,0.917,0.921,0.949,0.963,0.972,1.000,0.991,0.972,0.921,0.935,0.931,0.912,0.907,0.810,0.764,0.792,0.931,0.921,0.921,0.907,0.903
0.047,0.047,0.047,0.047,0.042,0.042,0.042,0.042,0.042,0.042,0.042,0.042,0.042,0.042,0.042,0.042,0.026,0.026,0.031,0.064,0.064,0.064,0.059,0.059,0.059,0.053,0.053,0.058,0.052,0.052,0.052,0.052,0.052,0.052,0.052,0.052,0.052,0.052,0.052,0.963,0.741,0.894,0.888,0.822,0.875,0.880,0.912,0.972,0.796,0.769,0.981,0.838,0.870,0.801,0.755,0.880,0.753,0.838,0.845,0.846,0.841,0.907,0.912,0.940,0.954,0.963,0.991,1.000,0.981,0.912,0.926,0.921,0.903,0.898,0.801,0.759,0.782,0.921,0.912,0.912,0.898,0.894
0.053,0.053,0.053,0.053,0.047,0.047,0.047,0.047,0.047,0.047,0.047,0.047,0.047,0.047,0.047,0.047,0.031,0.031,0.037,0.069,0.069,0.069,0.064,0.064,0.064,0.059,0.058,0.053,0.047,0.047,0.047,0.047,0.047,0.047,0.047,0.047,0.047,0.047,0.047,0.981,0.731,0.875,0.870,0.812,0.861,0.861,0.893,0.991,0.782,0.759,0.963,0.838,0.866,0.801,0.745,0.861,0.749,0.824,0.836,0.827,0.832,0.889,0.894,0.921,0.935,0.944,0.972,0.981,1.000,0.894,0.917,0.912,0.898,0.894,0.796,0.755,0.773,0.912,0.894,0.894,0.880,0.880
0.053,0.053,0.053,0.053,0.047,0.047,0.047,0.047,0.047,0.047,0.047,0.047,0.047,0.047,0.047,0.047,0.031,0.031,0.037,0.069,0.069,0.069,0.064,0.064,0.064,0.059,0.058,0.058,0.052,0.052,0.052,0.052,0.052,0.052,0.052,0.052,0.052,0.052,0.052,0.875,0.713,0.981,0.972,0.803,0.833,0.838,0.856,0.884,0.773,0.745,0.898,0.824,0.856,0.787,0.731,0.843,0.726,0.796,0.808,0.818,0.827,0.861,0.866,0.894,0.894,0.894,0.921,0.912,0.894,1.000,0.880,0.884,0.870,0.866,0.773,0.731,0.755,0.884,0.866,0.866,0.852,0.847
0.047,0.047,0.047,0.047,0.042,0.042,0.042,0.042,0.042,0.042,0.042,0.042,0.042,0.042,0.042,0.042,0.026,0.026,0.031,0.053,0.053,0.053,0.048,0.048,0.048,0.043,0.042,0.053,0.047,0.047,0.047,0.047,0.047,0.047,0.047,0.047,0.047,0.047,0.047,0.898,0.778,0.861,0.856,0.856,0.907,0.926,0.907,0.907,0.843,0.810,0.907,0.894,0.926,0.847,0.796,0.907,0.795,0.889,0.897,0.860,0.893,0.954,0.958,0.986,0.972,0.958,0.935,0.926,0.917,0.880,1.000,0.995,0.968,0.963,0.847,0.801,0.824,0.995,0.958,0.958,0.935,0.944
0.047,0.047,0.047,0.047,0.042,0.042,0.042,0.042,0.042,0.042,0.042,0.042,0.042,0.042,0.042,0.042,0.026,0.026,0.031,0.053,0.053,0.053,0.048,0.048,0.048,0.043,0.042,0.053,0.047,0.047,0.047,0.047,0.047,0.047,0.047,0.047,0.047,0.047,0.047,0.894,0.778,0.866,0.860,0.856,0.912,0.926,0.902,0.903,0.843,0.810,0.903,0.894,0.926,0.847,0.796,0.903,0.795,0.884,0.892,0.860,0.893,0.949,0.954,0.981,0.968,0.954,0.931,0.921,0.912,0.884,0.995,1.000,0.968,0.963,0.847,0.801,0.824,1.000,0.954,0.954,0.931,0.940
0.053,0.053,0.053,0.053,0.047,0.047,0.047,0.047,0.047,0.047,0.047,0.047,0.047,0.047,0.047,0.047,0.031,0.031,0.037,0.059,0.059,0.059,0.053,0.053,0.053,0.048,0.048,0.058,0.052,0.052,0.052,0.052,0.052,0.052,0.052,0.052,0.052,0.052,0.052,0.889,0.796,0.852,0.847,0.846,0.889,0.903,0.888,0.889,0.819,0.833,0.884,0.921,0.921,0.838,0.819,0.889,0.809,0.861,0.897,0.855,0.916,0.921,0.926,0.954,0.949,0.935,0.912,0.903,0.898,0.870,0.968,0.968,1.000,0.995,0.870,0.819,0.847,0.968,0.926,0.926,0.907,0.912
0.053,0.053,0.053,0.053,0.047,0.047,0.047,0.047,0.047,0.047,0.047,0.047,0.047,0.047,0.047,0.047,0.031,0.031,0.037,0.059,0.059,0.059,0.053,0.053,0.053,0.048,0.048,0.058,0.052,0.052,0.052,0.052,0.052,0.052,0.052,0.052,0.052,0.052,0.052,0.884,0.801,0.847,0.842,0.851,0.884,0.907,0.884,0.884,0.824,0.833,0.880,0.926,0.917,0.843,0.819,0.884,0.814,0.856,0.897,0.850,0.911,0.917,0.921,0.949,0.944,0.931,0.907,0.898,0.894,0.866,0.963,0.963,0.995,1.000,0.875,0.824,0.847,0.963,0.921,0.921,0.903,0.907
0.053,0.053,0.053,0.053,0.047,0.047,0.047,0.047,0.047,0.047,0.047,0.047,0.047,0.047,0.047,0.047,0.031,0.031,0.037,0.059,0.059,0.059,0.053,0.053,0.053,0.048,0.048,0.047,0.042,0.042,0.042,0.042,0.042,0.042,0.042,0.042,0.042,0.042,0.042,0.792,0.912,0.764,0.763,0.769,0.796,0.796,0.781,0.787,0.778,0.940,0.782,0.824,0.806,0.778,0.921,0.787,0.902,0.755,0.803,0.762,0.850,0.806,0.810,0.833,0.833,0.824,0.810,0.801,0.796,0.773,0.847,0.847,0.870,0.875,1.000,0.940,0.954,0.847,0.810,0.810,0.801,0.806
0.053,0.053,0.053,0.053,0.047,0.047,0.047,0.047,0.047,0.047,0.047,0.047,0.047,0.047,0.047,0.047,0.031,0.031,0.037,0.059,0.059,0.059,0.053,0.053,0.053,0.048,0.048,0.037,0.031,0.031,0.031,0.031,0.031,0.031,0.031,0.031,0.031,0.031,0.031,0.750,0.972,0.731,0.721,0.740,0.769,0.759,0.735,0.745,0.736,0.884,0.745,0.801,0.764,0.741,0.870,0.750,0.944,0.727,0.761,0.738,0.799,0.769,0.773,0.787,0.787,0.778,0.764,0.759,0.755,0.731,0.801,0.801,0.819,0.824,0.940,1.000,0.894,0.801,0.773,0.773,0.764,0.769
0.058,0.058,0.058,0.058,0.053,0.053,0.053,0.053,0.053,0.053,0.053,0.053,0.053,0.053,0.053,0.053,0.037,0.037,0.042,0.064,0.064,0.064,0.059,0.059,0.059,0.053,0.053,0.047,0.042,0.042,0.042,0.042,0.042,0.042,0.042,0.042,0.042,0.042,0.042,0.769,0.880,0.745,0.749,0.760,0.792,0.773,0.763,0.764,0.745,0.981,0.764,0.796,0.782,0.769,0.968,0.778,0.860,0.750,0.793,0.738,0.836,0.796,0.792,0.815,0.815,0.806,0.792,0.782,0.773,0.755,0.824,0.824,0.847,0.847,0.954,0.894,1.000,0.824,0.792,0.792,0.792,0.792
0.047,0.047,0.047,0.047,0.042,0.042,0.042,0.042,0.042,0.042,0.042,0.042,0.042,0.042,0.042,0.042,0.026,0.026,0.031,0.053,0.053,0.053,0.048,0.048,0.048,0.043,0.042,0.053,0.047,0.047,0.047,0.047,0.047,0.047,0.047,0.047,0.047,0.047,0.047,0.894,0.778,0.866,0.860,0.856,0.912,0.926,0.902,0.903,0.843,0.810,0.903,0.894,0.926,0.847,0.796,0.903,0.795,0.884,0.892,0.860,0.893,0.949,0.954,0.981,0.968,0.954,0.931,0.921,0.912,0.884,0.995,1.000,0.968,0.963,0.847,0.801,0.824,1.000,0.954,0.954,0.931,0.940
0.047,0.047,0.047,0.047,0.042,0.042,0.042,0.042,0.042,0.042,0.042,0.042,0.042,0.042,0.042,0.042,0.026,0.026,0.031,0.053,0.053,0.053,0.048,0.048,0.048,0.043,0.042,0.053,0.047,0.047,0.047,0.047,0.047,0.047,0.047,0.047,0.047,0.047,0.047,0.875,0.764,0.852,0.842,0.851,0.935,0.963,0.893,0.884,0.819,0.778,0.903,0.870,0.884,0.870,0.764,0.944,0.767,0.912,0.920,0.846,0.864,0.995,1.000,0.968,0.958,0.944,0.921,0.912,0.894,0.866,0.958,0.954,0.926,0.921,0.810,0.773,0.792,0.954,1.000,0.995,0.972,0.972
0.047,0.047,0.047,0.047,0.042,0.042,0.042,0.042,0.042,0.042,0.042,0.042,0.042,0.042,0.042,0.042,0.026,0.026,0.031,0.053,0.053,0.053,0.048,0.048,0.048,0.043,0.042,0.053,0.047,0.047,0.047,0.047,0.047,0.047,0.047,0.047,0.047,0.047,0.047,0.875,0.764,0.852,0.842,0.851,0.940,0.968,0.893,0.884,0.819,0.778,0.903,0.870,0.884,0.866,0.764,0.949,0.767,0.907,0.915,0.846,0.864,0.991,0.995,0.968,0.958,0.944,0.921,0.912,0.894,0.866,0.958,0.954,0.926,0.921,0.810,0.773,0.792,0.954,0.995,1.000,0.977,0.968
0.047,0.047,0.047,0.047,0.042,0.042,0.042,0.042,0.042,0.042,0.042,0.042,0.042,0.042,0.042,0.042,0.026,0.026,0.031,0.053,0.053,0.053,0.048,0.048,0.048,0.043,0.042,0.053,0.047,0.047,0.047,0.047,0.047,0.047,0.047,0.047,0.047,0.047,0.047,0.866,0.755,0.838,0.833,0.837,0.958,0.949,0.879,0.870,0.806,0.782,0.889,0.852,0.866,0.852,0.764,0.963,0.758,0.903,0.901,0.836,0.846,0.968,0.972,0.944,0.935,0.926,0.907,0.898,0.880,0.852,0.935,0.931,0.907,0.903,0.801,0.764,0.792,0.931,0.972,0.977,1.000,0.944
0.047,0.047,0.047,0.047,0.042,0.042,0.042,0.042,0.042,0.042,0.042,0.042,0.042,0.042,0.042,0.042,0.026,0.026,0.031,0.053,0.053,0.053,0.048,0.048,0.048,0.043,0.042,0.053,0.047,0.047,0.047,0.047,0.047,0.047,0.047,0.047,0.047,0.047,0.047,0.861,0.759,0.833,0.823,0.861,0.907,0.935,0.879,0.870,0.806,0.778,0.889,0.870,0.870,0.898,0.764,0.926,0.763,0.894,0.944,0.827,0.855,0.968,0.972,0.949,0.940,0.926,0.903,0.894,0.880,0.847,0.944,0.940,0.912,0.907,0.806,0.769,0.792,0.940,0.972,0.968,0.944,1.000
