residue,dg_star,dg0,mutation,Residue,ResName,Dist_49,Dist_83,Dist_196,Total_HBonds,Active_Site_HBonds,Min_Dist
48,17.38,-55.26,F48Y,48,PHE,3.88,4.6,7.89,5,3,3.88
52,16.16,-61.77,T52A,52,THR,5.2,9.62,9.43,5,3,5.2
47,21.57,-56.18,S47A,47,SER,5.59,6.24,10.6,3,0,5.59
144,17.66,-53.4,H144Q,144,HID,11.6,9.46,8.89,3,0,8.89
99,24.29,-55.41,R99C,99,ARG,9.5,10.99,14.14,0,0,9.5
54,14.62,-55.68,T54Q,54,THR,10.0,14.5,13.14,1,0,10.0
177,18.66,-55.4,H177Q,177,HID,11.51,15.71,10.83,2,0,10.83
143,19.04,-57.1,E143S,143,GLU,15.29,12.97,12.1,4,0,12.1
87,18.21,-53.05,K87T,87,LYS,16.44,12.51,20.36,0,0,12.51
142,16.3,-59.56,P142S,142,PRO,16.44,14.77,13.01,3,0,13.01
139,15.72,-54.0,F139L,139,PHE,16.28,16.37,13.1,0,0,13.1
74,15.06,-60.08,G74A,74,GLY,14.29,14.75,18.14,0,0,14.29
178,14.77,-61.57,T178A,178,THR,14.81,18.99,14.73,2,0,14.73
104,16.94,-58.41,Y104F,104,TYR,16.1,18.27,20.85,0,0,16.1
102,15.83,-59.61,G102S,102,GLY,16.77,19.14,21.01,0,0,16.77
24,15.68,-60.3,L24I,24,ILE,18.69,16.8,23.24,0,0,16.8
4,17.37,-56.97,S4R,4,SER,19.64,22.97,18.53,0,0,18.53
60,18.09,-58.09,T60A,60,THR,19.05,22.8,22.53,0,0,19.05
181,16.38,-60.55,R181S,181,ARG,19.54,23.95,21.17,0,0,19.54
107,20.05,-56.09,N107S,107,ASN,19.8,21.53,24.4,0,0,19.8
