level,mutation,dg_star,dg_star_error,dg0,dg0_error,dist_to_Sec/Cys49,dist_to_Gln83
Level0,mousecys,17.680,0.910,-56.960,1.030,,
Level0,C49U,14.840,0.520,-62.600,0.590,,
Level0,F48Y,17.380,2.540,-55.260,1.540,3.880,4.600
Level0,T52A,16.160,0.890,-61.770,1.790,5.200,9.620
Level0,S47A,21.570,2.460,-56.180,3.490,5.590,6.240
Level0,R99C,24.290,2.790,-55.410,3.130,9.500,10.990
Level0,T54Q,14.620,0.680,-55.680,3.780,10.000,14.500
Level0,H177Q,18.660,2.090,-55.400,3.890,14.000,15.710
Level0,H144Q,17.660,2.180,-53.400,3.890,12.500,9.460
Level0,T178A,14.770,0.510,-61.570,0.570,14.770,18.990
Level0,G74A,15.060,0.900,-60.080,2.500,14.290,15.750
Level0,E143S,19.040,1.400,-57.100,1.560,15.000,12.970
Level0,F139L,15.720,0.480,-54.000,1.270,16.100,16.370
Level0,K87T,18.210,2.520,-53.050,3.250,16.440,12.510
Level0,P142S,16.300,0.870,-59.560,1.100,15.500,14.770
Level0,G102S,15.830,1.300,-59.610,1.520,16.770,19.140
Level0,Y104F,16.940,1.280,-58.410,1.580,16.500,18.270
Level0,L24I,15.680,0.940,-60.300,1.090,18.690,21.890
Level0,T60A,18.090,1.040,-58.090,2.080,19.050,22.800
Level0,R181S,16.380,0.970,-60.550,1.260,20.000,23.950
Level0,S4R,17.370,2.940,-56.970,3.690,19.640,22.970
Level0,N107S,20.050,2.120,-56.090,3.330,20.000,21.530
Level1,mousecys,17.680,0.910,-56.960,1.030,,
Level1,C49U,14.840,0.520,-62.600,0.590,,
Level1,F48Y,17.160,1.010,-58.240,0.960,3.880,4.600
Level1,T52A,17.830,1.370,-57.600,1.690,5.200,9.620
Level1,S47A,19.070,1.200,-56.180,2.490,5.590,6.240
Level1,R99C,17.290,2.790,-59.410,3.130,9.500,10.990
Level1,H177Q,16.090,1.390,-60.310,2.040,14.000,15.710
Level1,H144Q,16.600,1.480,-59.100,2.020,12.500,9.460
Level1,T178A,15.410,0.950,-60.280,1.010,14.770,18.990
Level1,G74A,17.880,1.520,-57.700,2.000,14.290,15.750
Level1,E143S,17.520,1.360,-55.990,2.940,15.000,12.970
Level1,F139L,17.010,1.280,-58.280,1.290,16.100,16.370
Level1,K87T,20.210,0.520,-55.050,3.250,16.440,12.510
Level1,P142S,18.300,1.830,-59.560,1.100,15.500,14.770
Level1,G102S,18.720,1.430,-57.370,1.990,16.770,19.140
Level1,Y104F,15.750,2.320,-59.930,3.280,16.500,18.270
Level1,L24I,17.880,1.520,-57.700,2.000,18.690,21.890
Level1,T60A,19.220,1.230,-55.880,1.480,19.050,22.800
Level1,R181S,19.380,0.970,-62.550,1.260,20.000,23.950
Level1,S4R,15.730,0.640,-55.480,3.920,19.640,22.970
Level1,N107S,21.250,2.120,-58.090,3.300,20.000,21.530
Level2,mousecys,17.680,0.910,-56.960,1.030,,
Level2,C49U,14.840,1.020,-61.500,0.750,,
Level2,F48Y,19.510,2.460,-57.960,2.570,3.880,4.600
Level2,T52A,22.540,2.290,-55.780,2.290,5.200,9.620
Level2,S47A,16.470,0.670,-61.310,0.680,5.590,6.240
Level2,R99C,14.480,0.450,-61.500,0.690,9.500,10.990
Level2,H177Q,15.530,0.650,-61.080,0.750,14.000,15.710
Level2,H144Q,23.140,2.110,-52.960,2.030,12.500,9.460
Level2,T178A,14.800,0.540,-62.540,0.670,14.770,18.990
Level2,G74A,18.730,1.890,-58.210,2.280,14.290,15.750
Level2,E143S,15.540,0.830,-61.720,1.080,15.000,12.970
Level2,F139L,19.130,2.190,-57.400,2.160,16.100,16.370
Level2,K87T,15.190,0.480,-62.040,0.790,16.440,12.510
Level2,P142S,23.400,2.340,-54.470,2.360,15.500,14.770
Level2,G102S,15.740,0.560,-62.640,0.630,16.770,19.140
Level2,Y104F,14.940,0.680,-63.490,0.840,16.500,18.270
Level2,L24I,13.990,1.030,-62.100,1.040,18.690,21.890
Level2,T60A,15.220,0.620,-61.190,0.950,19.050,22.800
Level2,R181S,15.350,0.750,-61.190,0.740,20.000,23.950
Level2,S4R,27.910,1.910,-55.340,2.950,19.640,22.970
Level2,N107S,14.570,0.650,-62.620,0.990,20.000,21.530
Level3,mousecys,17.680,0.910,-56.960,1.030,,
Level3,C49U,14.840,1.020,-61.500,0.750,,
Level3,F48Y,15.650,0.870,-60.300,1.090,3.880,4.600
Level3,T52A,20.540,2.290,-58.780,2.290,5.200,9.620
Level3,S47A,17.750,1.050,-57.610,1.080,5.590,6.240
Level3,R99C,14.780,0.800,-61.200,0.600,9.500,10.990
Level3,H177Q,14.730,0.470,-63.480,0.890,14.000,15.710
Level3,H144Q,15.630,0.720,-62.390,0.970,12.500,9.460
Level3,T178A,16.670,1.080,-59.260,1.320,14.770,18.990
Level3,G74A,19.700,1.890,-57.210,2.280,14.290,15.750
Level3,E143S,16.540,0.890,-63.720,1.080,15.000,12.970
Level3,F139L,14.690,0.490,-61.980,0.850,16.100,16.370
Level3,K87T,18.290,0.780,-63.040,0.790,16.440,12.510
Level3,P142S,15.390,0.780,-61.250,1.320,15.500,14.770
Level3,G102S,17.440,0.960,-60.640,0.630,16.770,19.140
Level3,Y104F,17.940,1.080,-61.490,0.840,16.500,18.270
Level3,T60A,16.050,0.730,-59.860,0.630,19.050,22.800
Level3,R181S,17.350,0.780,-58.190,0.740,20.000,23.950
Level3,S4R,17.200,0.760,-59.440,1.010,19.640,22.970
Level3,N107S,15.430,0.570,-61.880,0.690,20.000,21.530
Level4,mousecys,17.680,0.910,-56.960,1.030,,
Level4,C49U,14.840,1.020,-61.500,0.750,,
Level4,F48Y,14.500,0.860,-62.850,0.790,3.880,4.600
Level4,T52A,14.830,1.000,-61.570,1.360,5.200,9.620
Level4,S47A,14.350,0.550,-62.660,0.760,5.590,6.240
Level4,R99C,18.480,1.790,-58.510,2.980,9.500,10.990
Level4,H177Q,15.050,0.940,-61.800,1.190,14.000,15.710
Level4,H144Q,15.280,0.700,-62.130,0.870,12.500,9.460
Level4,T178A,23.520,1.560,-53.570,2.680,14.770,18.990
Level4,G74A,16.930,0.680,-60.280,0.930,14.290,15.750
Level4,E143S,14.750,0.470,-57.690,2.800,15.000,12.970
Level4,K87T,15.590,0.760,-61.230,1.060,16.440,12.510
Level4,P142S,23.080,2.560,-53.300,2.650,15.500,14.770
Level4,G102S,15.090,0.560,-58.000,2.260,16.770,19.140
Level4,Y104F,16.160,0.960,-61.130,0.970,16.500,18.270
Level4,T60A,19.610,2.210,-57.270,2.490,19.050,22.800
Level4,R181S,16.870,0.800,-59.320,0.880,20.000,23.950
Level4,S4R,16.360,0.950,-61.210,1.080,19.640,22.970
Level4,N107S,19.790,1.840,-57.580,3.950,20.000,21.530
Level5,mousecys,17.680,0.910,-56.960,1.030,,
Level5,C49U,14.840,1.020,-61.500,0.750,,
Level5,F48Y,15.160,0.660,-57.610,2.520,3.880,4.600
Level5,T52A,16.040,1.020,-60.970,1.350,5.200,9.620
Level5,R99C,19.130,2.060,-57.600,2.300,9.500,10.990
Level5,H177Q,15.230,0.470,-58.750,3.950,14.000,15.710
Level5,H144Q,14.640,0.530,-62.960,0.860,12.500,9.460
Level5,T178A,15.210,0.600,-61.510,0.760,14.770,18.990
Level5,G74A,17.020,0.960,-56.240,2.690,14.290,15.750
Level5,E143S,16.060,1.270,-61.120,1.630,15.000,12.970
Level5,K87T,15.980,0.900,-61.480,1.020,16.440,12.510
Level5,P142S,18.980,1.930,-53.200,2.380,15.500,14.770
Level5,G102S,14.640,0.470,-61.970,0.730,16.770,19.140
Level5,Y104F,19.560,4.470,-57.440,2.170,16.500,18.270
Level5,T60A,14.370,0.750,-59.120,2.310,19.050,22.800
Level5,R181S,14.490,0.430,-63.530,0.700,20.000,23.950
Level5,S4R,15.850,0.800,-60.660,0.740,19.640,22.970
Level5,N107S,18.580,2.450,-59.240,1.610,20.000,21.530
Level6,mousecys,17.680,0.910,-56.960,1.030,,
Level6,C49U,14.840,1.020,-61.500,0.750,,
Level6,F48Y,14.440,0.640,-62.460,0.440,3.880,4.600
Level6,T52A,15.050,1.130,-60.460,1.280,5.200,9.620
Level6,R99C,14.270,0.960,-61.910,1.100,9.500,10.990
Level6,H177Q,15.520,1.010,-56.960,2.000,14.000,15.710
Level6,H144Q,13.460,0.880,-63.090,0.970,12.500,9.460
Level6,T178A,14.650,0.890,-61.320,1.290,14.770,18.990
Level6,G74A,12.980,0.590,-62.570,0.810,14.290,15.750
Level6,E143S,19.170,1.060,-55.900,3.640,15.000,12.970
Level6,K87T,18.430,1.470,-55.730,3.180,16.440,12.510
Level6,P142S,18.370,1.300,-58.760,2.260,15.500,14.770
Level6,G102S,17.740,1.490,-59.500,2.710,16.770,19.140
Level6,Y104F,19.560,1.470,-57.440,2.170,16.500,18.270
Level6,R181S,13.810,0.790,-62.220,0.820,20.000,23.950
Level6,S4R,15.500,0.990,-60.910,1.240,19.640,22.970
Level6,N107S,13.080,0.410,-63.270,0.630,20.000,21.530
Level7,mousecys,17.680,0.910,-56.960,1.030,,
Level7,C49U,14.840,1.020,-61.500,0.750,,
Level7,F48Y,18.540,2.660,-57.580,3.890,3.880,4.600
Level7,T52A,19.500,2.970,-57.100,2.830,5.200,9.620
Level7,R99C,15.620,1.230,-60.510,1.700,9.500,10.990
Level7,H177Q,15.870,0.810,-60.520,1.060,14.000,15.710
Level7,H144Q,13.570,0.380,-63.120,0.800,12.500,9.460
Level7,T178A,15.720,0.860,-59.720,1.060,14.770,18.990
Level7,E143S,14.480,0.980,-59.660,2.270,15.000,12.970
Level7,K87T,14.150,0.570,-61.770,0.850,16.440,12.510
Level7,P142S,19.510,4.140,-56.960,4.210,15.500,14.770
Level7,G102S,22.550,2.690,-53.810,2.660,16.770,19.140
Level7,Y104F,13.910,0.470,-61.890,0.540,16.500,18.270
Level7,R181S,16.530,0.870,-59.600,1.050,20.000,23.950
Level7,S4R,17.260,1.130,-58.100,1.280,19.640,22.970
Level7,N107S,14.100,0.970,-62.960,0.930,20.000,21.530
Level8,mousecys,17.680,0.910,-56.960,1.030,,
Level8,C49U,14.840,1.020,-61.500,0.750,,
Level8,F48Y,17.740,4.060,-57.870,4.070,3.880,4.600
Level8,T52A,17.660,4.190,-57.720,4.210,5.200,9.620
Level8,R99C,13.840,0.590,-58.570,4.060,9.500,10.990
Level8,H177Q,14.150,0.830,-62.470,1.070,14.000,15.710
Level8,T178A,16.290,1.340,-58.790,1.850,14.770,18.990
Level8,E143S,14.100,0.870,-62.150,1.060,15.000,12.970
Level8,K87T,18.050,2.000,-57.920,2.030,16.440,12.510
Level8,P142S,14.290,0.830,-57.720,3.930,15.500,14.770
Level8,G102S,14.530,0.980,-61.530,1.130,16.770,19.140
Level8,Y104F,15.150,1.100,-60.970,1.370,16.500,18.270
Level8,R181S,14.310,1.020,-61.740,1.230,20.000,23.950
Level8,S4R,14.650,0.960,-60.720,0.980,19.640,22.970
Level8,N107S,16.890,3.960,-58.960,3.980,20.000,21.530
Level9,mousecys,17.680,0.910,-56.960,1.030,,
Level9,C49U,14.840,1.020,-61.500,0.750,,
Level9,F48Y,18.690,3.890,-55.170,2.140,3.880,4.600
Level9,T52A,18.240,2.190,-57.200,2.450,5.200,9.620
Level9,H177Q,13.690,0.720,-61.780,1.100,14.000,15.710
Level9,T178A,14.910,0.860,-60.320,1.060,14.770,18.990
Level9,E143S,19.020,2.360,-55.550,2.590,15.000,12.970
Level9,K87T,19.020,3.980,-57.140,3.960,16.440,12.510
Level9,P142S,19.010,4.000,-55.300,4.440,15.500,14.770
Level9,G102S,15.650,0.820,-60.020,1.090,16.770,19.140
Level9,Y104F,27.540,6.830,-48.080,7.050,16.500,18.270
Level9,R181S,14.230,0.940,-61.180,1.390,20.000,23.950
Level9,S4R,16.750,0.890,-59.050,1.400,19.640,22.970
Level9,N107S,14.230,0.600,-61.050,0.810,20.000,21.530
Level10,mousecys,17.680,0.910,-56.960,1.030,,
Level10,C49U,14.840,1.020,-61.500,0.750,,
Level10,F48Y,17.950,0.990,-56.720,1.120,3.880,4.600
Level10,T52A,13.900,0.910,-61.640,1.050,5.200,9.620
Level10,T178A,13.450,0.630,-56.900,2.210,14.770,18.990
Level10,E143S,14.870,1.130,-56.000,3.880,15.000,12.970
Level10,K87T,17.450,2.110,-57.610,2.210,16.440,12.510
Level10,P142S,14.060,0.780,-60.440,0.980,15.500,14.770
Level10,G102S,17.890,2.900,-56.950,2.270,16.770,19.140
Level10,Y104F,16.590,0.740,-58.620,0.950,16.500,18.270
Level10,R181S,16.480,1.040,-58.900,1.390,20.000,23.950
Level10,S4R,18.350,1.450,-49.330,2.500,19.640,22.970
Level10,N107S,21.860,3.910,-52.100,3.950,20.000,21.530
Level11,mousecys,17.680,0.910,-56.960,1.030,,
Level11,C49U,14.840,1.020,-61.500,0.750,,
Level11,F48Y,20.240,2.050,-49.840,2.740,3.880,4.600
Level11,T52A,16.460,1.250,-58.750,1.600,5.200,9.620
Level11,E143S,18.370,4.260,-57.510,4.560,15.000,12.970
Level11,K87T,15.310,1.020,-59.160,1.260,16.440,12.510
Level11,P142S,14.510,1.060,-59.810,1.180,15.500,14.770
Level11,G102S,14.480,1.110,-59.920,1.010,16.770,19.140
Level11,Y104F,14.370,0.980,-60.350,1.060,16.500,18.270
Level11,R181S,16.400,1.320,-55.570,4.090,20.000,23.950
Level11,S4R,15.370,1.080,-58.040,3.150,19.640,22.970
Level11,N107S,17.270,1.360,-57.490,1.940,20.000,21.530
Level12,mousecys,17.680,0.910,-56.960,1.030,,
Level12,C49U,14.840,1.020,-61.500,0.750,,
Level12,F48Y,15.680,1.050,-59.980,0.900,3.880,4.600
Level12,T52A,14.660,0.910,-56.210,2.790,5.200,9.620
Level12,E143S,15.340,1.380,-59.390,1.830,15.000,12.970
Level12,K87T,15.920,1.220,-59.380,1.820,16.440,12.510
Level12,P142S,18.730,2.210,-56.640,2.140,15.500,14.770
Level12,G102S,14.680,0.950,-60.260,1.230,16.770,19.140
Level12,R181S,14.090,0.600,-62.220,0.780,20.000,23.950
Level12,S4R,13.900,0.480,-62.190,0.590,19.640,22.970
Level12,N107S,14.970,0.870,-60.760,1.280,20.000,21.530
Level13,mousecys,17.680,0.910,-56.960,1.030,,
Level13,C49U,14.840,1.020,-61.500,0.750,,
Level13,F48Y,17.120,1.080,-57.480,1.390,3.880,4.600
Level13,T52A,14.250,0.600,-60.330,0.600,5.200,9.620
Level13,E143S,16.170,1.110,-58.570,1.530,15.000,12.970
Level13,K87T,17.230,1.100,-57.420,1.180,16.440,12.510
Level13,P142S,17.000,0.850,-59.080,1.060,15.500,14.770
Level13,G102S,15.910,1.230,-59.230,1.980,16.770,19.140
Level13,R181S,16.950,1.010,-58.760,1.230,20.000,23.950
Level13,N107S,15.350,0.830,-60.160,1.390,20.000,21.530
Level14,mousecys,17.680,0.910,-56.960,1.030,,
Level14,C49U,14.840,1.020,-61.500,0.750,,
Level14,F48Y,16.270,1.150,-59.540,1.230,3.880,4.600
Level14,E143S,15.860,1.050,-59.960,1.040,15.000,12.970
Level14,K87T,15.130,0.860,-60.570,1.060,16.440,12.510
Level14,P142S,16.030,0.870,-60.110,1.060,15.500,14.770
Level14,G102S,21.340,2.080,-54.120,2.130,16.770,19.140
Level14,R181S,15.220,0.740,-60.910,1.110,20.000,23.950
Level14,N107S,16.370,1.600,-57.850,2.810,20.000,21.530
Level15,mousecys,17.680,0.910,-56.960,1.030,,
Level15,C49U,14.840,1.020,-61.500,0.750,,
Level15,F48Y,15.750,0.990,-60.280,1.530,3.880,4.600
Level15,E143S,15.750,0.910,-60.100,1.120,15.000,12.970
Level15,P142S,15.610,1.120,-57.290,3.190,15.500,14.770
Level15,G102S,14.210,0.850,-61.510,1.130,16.770,19.140
Level15,R181S,16.670,1.600,-56.840,2.640,20.000,23.950
Level15,N107S,15.810,1.090,-58.850,1.120,20.000,21.530
Level16,mousecys,17.680,0.910,-56.960,1.030,,
Level16,C49U,14.840,1.020,-61.500,0.750,,
Level16,F48Y,13.880,0.840,-61.880,1.220,3.880,4.600
Level16,E143S,19.290,2.630,-56.160,2.870,15.000,12.970
Level16,P142S,16.420,1.120,-58.840,1.790,15.500,14.770
Level16,R181S,13.920,0.520,-57.680,4.170,20.000,23.950
Level16,N107S,12.940,0.600,-63.080,0.980,20.000,21.530
Level17,mousecys,17.680,0.910,-56.960,1.030,,
Level17,C49U,14.840,1.020,-61.500,0.750,,
Level17,F48Y,17.270,2.270,-57.950,2.200,3.880,4.600
Level17,E143S,15.470,0.840,-55.810,2.070,15.000,12.970
Level17,P142S,13.070,0.600,-57.570,2.200,15.500,14.770
Level17,R181S,13.740,0.750,-60.660,1.000,20.000,23.950
Level18,mousecys,17.680,0.910,-56.960,1.030,,
Level18,C49U,14.840,1.020,-61.500,0.750,,
Level18,F48Y,14.540,1.230,-59.030,2.200,3.880,4.600
Level18,E143S,14.220,0.850,-61.120,1.000,15.000,12.970
Level18,R181S,13.690,0.610,-60.900,0.880,20.000,23.950
Level19,mousecys,17.680,0.910,-56.960,1.030,,
Level19,C49U,14.840,1.020,-61.500,0.750,,
Level19,F48Y,13.900,0.730,-61.580,0.860,3.880,4.600
Level19,E143S,15.670,0.980,-60.230,1.000,15.000,12.970
Level20,mousecys,17.680,0.910,-56.960,1.030,,
Level20,C49U,14.840,1.020,-61.500,0.750,,
Level20,E143S,14.050,0.760,-62.070,1.120,15.000,12.970
