Frame,49.SG-196.O1,83.OE1-196.O1,49.SG-49.HG1,196.O1-196.H1,83.OE1-196.H1,196.O1-49.HG1
1,3.396,3.520,1.328,0.988,3.724,2.792
2,4.913,4.516,1.325,0.988,5.011,5.111
3,5.039,4.547,1.327,0.988,4.987,4.524
4,4.903,4.480,1.327,0.989,4.981,4.390
5,4.829,4.463,1.328,0.990,4.923,4.207
6,4.838,4.438,1.289,0.984,5.025,3.797
7,5.018,4.500,1.385,0.996,4.993,4.177
8,5.003,4.508,1.279,0.979,4.950,4.303
9,5.067,4.431,1.383,0.983,4.894,4.149
10,5.087,4.319,1.336,0.977,4.911,3.767
11,4.463,4.355,1.274,1.009,5.108,3.704
12,4.582,4.323,1.404,0.992,5.038,4.115
13,4.339,4.438,1.243,1.003,5.134,3.427
14,4.698,4.479,1.367,0.981,5.264,4.223
15,4.191,4.299,1.406,0.985,5.079,3.432
16,4.184,4.098,1.315,0.944,4.837,3.827
17,4.729,4.618,1.257,0.947,5.014,4.084
18,4.652,4.315,1.434,0.975,5.097,3.687
19,4.543,4.586,1.359,0.988,5.032,3.766
20,4.217,4.270,1.274,0.969,4.911,3.401
21,4.717,4.534,1.235,1.092,4.997,3.821
22,4.382,4.213,1.312,0.998,4.761,3.705
23,4.150,4.107,1.479,1.104,4.744,3.590
24,4.474,4.756,1.291,1.053,5.367,4.260
25,4.291,4.386,1.257,1.064,5.016,3.308
26,4.415,4.537,1.426,0.916,4.863,3.969
27,4.399,4.591,1.401,1.002,5.154,4.605
28,4.573,4.434,1.244,1.040,5.092,3.540
29,4.702,4.066,1.262,1.000,4.654,3.894
30,4.618,4.229,1.427,0.936,4.362,4.184
31,4.869,4.520,1.275,1.052,5.234,4.120
32,4.362,4.236,1.238,0.982,4.654,3.969
33,4.628,4.341,1.293,1.044,5.112,4.127
34,4.658,4.517,1.414,0.987,5.269,3.615
35,4.379,4.399,1.251,1.088,5.179,4.198
36,4.683,4.278,1.404,0.943,4.689,4.085
37,4.437,4.222,1.416,1.026,5.004,3.566
38,4.222,4.596,1.291,0.979,5.247,3.901
39,4.691,4.820,1.252,0.960,5.351,4.269
40,4.016,4.349,1.294,1.008,5.129,3.738
41,4.581,4.351,1.414,0.966,5.121,4.216
42,4.678,4.028,1.355,0.997,4.727,3.884
43,4.609,4.434,1.247,1.039,5.337,3.940
44,4.687,4.243,1.322,1.017,5.040,4.393
45,4.806,4.563,1.406,1.014,5.173,4.236
46,4.533,4.521,1.317,1.002,5.343,3.706
47,4.449,4.576,1.256,0.978,5.392,4.150
48,4.271,4.532,1.409,1.025,5.357,3.316
49,4.394,4.617,1.380,0.997,4.986,4.081
50,4.582,4.474,1.254,0.993,4.989,3.666
51,4.487,4.169,1.410,0.966,4.672,3.528
52,4.944,4.491,1.345,1.036,4.927,4.421
53,4.329,4.344,1.291,0.989,4.504,3.609
54,4.688,4.184,1.334,1.006,4.937,4.276
55,4.550,4.277,1.397,0.984,4.870,4.142
56,4.788,4.364,1.316,0.982,4.777,4.119
57,4.198,4.456,1.256,0.998,4.931,3.540
58,4.258,3.806,1.304,0.978,4.028,3.468
59,4.242,3.826,1.416,0.966,4.438,3.430
60,3.996,4.282,1.255,0.994,4.741,3.816
61,4.079,3.922,1.420,0.966,4.417,3.466
62,3.914,3.588,1.242,0.987,4.127,3.403
63,4.013,3.841,1.425,0.986,4.334,2.985
64,4.070,4.551,1.255,0.995,5.013,3.643
65,3.441,3.965,1.367,0.980,4.502,4.276
66,4.576,3.950,1.307,0.962,4.385,4.481
67,4.419,4.629,1.252,0.995,5.135,3.634
68,4.148,4.384,1.239,1.007,4.896,4.303
69,3.950,4.475,1.412,1.024,5.019,3.263
70,4.158,4.466,1.302,1.012,4.888,3.811
71,4.041,4.346,1.327,0.974,4.832,3.523
72,4.242,4.330,1.256,0.973,4.462,3.939
73,4.427,4.612,1.408,1.028,4.898,4.042
74,4.535,4.185,1.387,0.960,4.430,3.534
75,4.075,3.774,1.384,0.999,4.264,3.110
76,3.850,4.649,1.312,0.976,5.237,3.777
77,4.010,4.199,1.285,0.998,4.446,3.553
78,3.939,4.288,1.361,1.014,4.477,3.315
79,4.805,4.316,1.357,1.033,4.506,4.492
80,4.418,4.422,1.412,1.021,4.546,4.398
81,4.162,3.983,1.253,0.948,4.058,3.971
82,3.970,4.283,1.406,0.979,4.789,3.722
83,3.904,3.980,1.383,1.013,4.227,3.673
84,3.542,4.219,1.255,1.065,4.812,3.491
85,3.974,4.565,1.416,0.948,5.004,3.865
86,4.081,3.739,1.256,0.996,4.272,3.667
87,4.421,4.778,1.382,1.029,5.266,4.117
88,4.360,4.170,1.386,1.009,4.753,3.569
89,4.241,4.299,1.379,0.989,4.819,3.675
90,4.245,4.539,1.334,1.031,5.207,4.028
91,4.286,3.876,1.339,1.019,4.433,3.794
92,4.063,4.312,1.284,1.030,4.973,3.971
93,4.255,4.286,1.406,0.934,5.104,3.653
94,4.101,3.921,1.285,1.072,4.513,3.738
95,3.977,4.534,1.413,0.986,5.016,3.861
96,4.173,4.311,1.317,0.938,4.869,3.659
97,4.166,4.337,1.391,1.016,4.946,3.704
98,3.626,4.074,1.414,1.018,4.633,3.569
99,3.969,3.866,1.376,0.997,4.018,3.565
100,4.308,3.854,1.337,0.986,4.268,3.882
101,4.397,3.703,1.319,1.022,4.514,3.621
102,4.506,3.942,1.259,1.008,4.787,3.836
103,4.731,3.894,1.252,0.994,4.801,4.107
104,4.671,4.105,1.252,1.008,4.880,4.064
105,4.815,2.981,1.261,1.010,3.850,3.991
106,4.785,4.110,1.280,1.001,4.905,4.320
107,4.457,3.235,1.275,0.996,4.070,3.695
108,3.967,3.957,1.268,0.973,4.745,3.398
109,3.888,3.430,1.303,0.985,4.135,3.240
110,4.005,4.246,1.257,1.018,4.963,4.085
111,4.464,3.942,1.358,1.025,4.922,4.317
112,4.230,3.785,1.263,1.012,4.676,3.458
113,4.217,3.953,1.271,0.972,4.861,3.744
114,4.122,4.231,1.359,1.070,4.648,3.812
115,4.084,3.702,1.262,1.036,4.648,3.311
116,3.884,4.013,1.390,1.043,4.669,3.382
117,3.666,3.538,1.270,1.000,3.901,3.190
118,3.270,4.387,1.367,1.004,5.108,3.095
119,3.294,4.450,1.419,0.961,4.778,2.816
120,3.530,4.116,1.349,1.041,4.933,2.988
121,3.357,3.788,1.408,1.019,4.599,2.405
122,3.365,4.109,1.400,0.956,4.747,2.158
123,3.616,3.892,1.329,0.997,4.630,2.783
124,4.080,3.948,1.285,1.048,4.620,3.738
125,3.930,3.800,1.431,1.042,4.261,3.783
126,3.795,3.503,1.353,0.990,4.198,3.148
127,3.431,3.576,1.233,1.007,4.200,2.921
128,4.035,3.868,1.243,1.028,4.441,3.748
129,4.026,4.626,1.422,0.988,4.982,3.782
130,3.857,3.892,1.373,1.023,4.168,3.218
131,4.309,4.025,1.258,1.009,4.501,3.550
132,3.749,4.054,1.256,0.992,4.603,2.790
133,3.583,3.452,1.402,1.049,4.047,3.329
134,3.746,3.669,1.288,1.000,4.050,3.340
135,3.652,3.975,1.253,1.033,4.703,3.455
136,3.462,4.006,1.277,1.046,4.764,3.479
137,3.748,3.871,1.326,0.964,4.507,3.623
138,3.437,3.718,1.385,0.951,4.100,3.165
139,3.301,3.495,1.394,0.998,4.141,2.819
140,3.949,3.796,1.386,1.026,4.554,3.432
141,3.785,3.993,1.272,1.060,4.726,3.460
142,3.483,4.053,1.265,0.998,4.683,3.044
143,3.611,4.397,1.277,0.990,4.967,3.024
144,4.449,5.025,1.336,0.954,5.635,4.420
145,3.723,3.743,1.359,1.020,4.274,3.317
146,4.094,4.283,1.281,0.990,4.906,3.777
147,3.765,4.446,1.285,1.019,5.273,3.837
148,3.214,3.710,1.298,1.018,4.580,2.986
149,3.803,3.992,1.290,0.984,4.701,3.716
150,4.030,4.182,1.324,0.979,4.923,3.566
151,4.069,3.740,1.364,1.014,4.677,3.820
152,3.915,3.853,1.335,1.021,4.739,3.137
153,3.930,3.634,1.372,1.039,4.456,3.282
154,3.988,4.079,1.276,0.971,5.009,3.471
155,3.952,3.756,1.283,0.994,4.705,3.402
156,3.450,4.064,1.284,1.031,5.094,3.545
157,3.956,3.981,1.279,1.051,4.977,3.657
158,3.703,3.904,1.388,0.973,4.877,3.599
159,3.972,4.169,1.407,0.943,5.006,3.703
160,3.442,3.830,1.392,0.975,4.800,3.267
161,4.082,4.025,1.286,1.015,5.016,3.849
162,3.772,3.959,1.317,0.974,4.818,3.497
163,3.964,3.902,1.406,1.009,4.847,3.827
164,3.583,3.974,1.238,1.006,4.913,3.578
165,3.716,3.843,1.382,0.980,4.695,3.751
166,3.528,4.137,1.329,0.996,5.123,3.258
167,3.935,4.090,1.230,1.003,5.050,3.571
168,3.503,3.846,1.307,0.971,4.801,3.213
169,3.174,3.969,1.410,0.975,4.889,3.053
170,3.200,3.995,1.276,1.065,5.029,3.276
171,3.871,4.175,1.374,0.980,5.000,3.627
172,3.862,3.994,1.240,0.986,4.877,3.631
173,3.515,3.871,1.412,1.050,4.834,3.256
174,3.079,3.855,1.246,0.981,4.610,3.202
175,3.421,4.183,1.313,1.032,5.100,3.449
176,4.028,4.499,1.359,1.036,5.496,4.332
177,3.686,4.186,1.303,0.973,5.056,3.402
178,3.725,4.298,1.256,1.018,5.144,3.970
179,3.393,3.797,1.327,1.063,4.734,3.221
180,3.653,3.775,1.352,1.009,4.625,3.690
181,3.761,3.850,1.326,0.994,4.829,3.668
182,3.385,3.835,1.351,0.990,4.733,3.222
183,3.598,3.890,1.278,0.990,4.854,3.467
184,4.207,3.849,1.297,0.985,4.707,3.704
185,3.770,3.546,1.308,1.031,4.428,3.285
186,3.733,4.006,1.274,1.025,4.976,3.709
187,3.460,3.952,1.366,1.036,4.965,3.154
188,3.519,3.874,1.284,1.064,4.825,3.778
189,3.500,3.846,1.327,1.041,4.834,3.257
190,3.431,3.853,1.277,1.043,4.852,3.253
191,3.916,4.142,1.354,0.985,5.095,3.561
192,3.163,3.836,1.273,1.006,4.793,2.896
193,3.257,3.919,1.340,1.019,4.827,3.131
194,3.491,3.714,1.275,1.008,4.691,3.402
195,3.023,3.858,1.284,0.995,4.708,3.039
196,3.318,3.781,1.371,1.028,4.758,3.100
197,3.670,4.068,1.319,1.058,4.989,3.584
198,3.504,3.844,1.301,0.995,4.838,3.544
199,3.575,3.875,1.259,1.067,4.860,3.382
200,4.286,3.620,1.299,1.080,4.655,3.979
201,3.672,3.723,1.279,1.073,4.768,3.356
202,3.200,4.100,1.368,1.030,5.128,3.286
203,3.796,3.569,1.375,0.982,4.548,3.424
204,3.401,4.031,1.296,1.005,4.954,3.541
205,3.302,3.784,1.333,1.026,4.809,3.009
206,3.812,3.868,1.347,1.110,4.900,3.834
207,3.859,3.528,1.379,1.079,4.515,3.610
208,3.464,3.984,1.326,1.045,5.028,2.943
209,3.541,4.167,1.265,1.010,5.132,3.250
210,3.720,3.706,1.366,1.032,4.668,3.309
211,4.114,4.190,1.360,1.045,5.130,4.047
212,3.158,3.607,1.286,1.042,4.605,2.872
213,3.415,3.811,1.303,1.032,4.826,3.015
214,3.355,3.840,1.356,1.017,4.822,3.137
215,3.443,3.846,1.261,1.049,4.864,3.080
216,3.251,3.656,1.355,0.998,4.648,3.021
217,3.365,3.658,1.261,1.031,4.669,3.080
218,3.597,3.749,1.342,1.056,4.785,2.960
219,3.199,3.841,1.381,0.974,4.810,3.181
220,3.335,3.638,1.234,1.061,4.687,2.895
221,3.915,3.988,1.328,1.001,4.948,3.758
222,3.906,3.792,1.371,1.027,4.782,3.795
223,3.773,3.940,1.249,1.021,4.958,3.485
224,3.426,4.162,1.239,1.067,5.088,3.682
225,3.636,3.710,1.267,1.063,4.710,3.516
226,3.401,3.880,1.251,1.039,4.890,3.430
227,3.487,3.944,1.337,1.039,4.977,2.724
228,3.437,3.894,1.278,1.018,4.900,3.643
229,3.400,3.815,1.392,1.020,4.777,3.078
230,3.134,3.792,1.334,0.991,4.769,3.001
231,3.874,4.173,1.357,0.989,5.144,3.370
232,3.527,4.195,1.320,1.049,5.237,3.069
233,3.191,3.848,1.328,0.954,4.733,3.192
234,2.994,3.992,1.334,1.013,4.991,3.260
235,3.661,4.223,1.275,0.953,5.172,3.700
236,3.438,3.711,1.258,1.055,4.717,3.196
237,3.482,3.905,1.374,1.072,4.908,3.342
238,3.789,3.661,1.263,1.049,4.702,3.428
239,3.777,3.943,1.430,1.084,4.986,3.482
240,3.545,3.914,1.338,1.030,4.835,3.398
241,3.914,4.053,1.425,1.106,5.128,3.965
242,3.825,4.098,1.350,1.087,5.130,3.604
243,3.421,3.917,1.233,0.997,4.851,3.106
244,3.738,3.947,1.211,1.016,4.922,3.776
245,3.177,4.047,1.274,1.061,5.066,3.367
246,3.653,4.121,1.223,1.025,5.138,3.335
247,3.367,3.870,1.206,0.988,4.852,3.527
248,3.511,3.820,1.364,1.018,4.808,3.165
249,3.647,4.083,1.420,1.042,5.090,3.501
250,3.384,4.206,1.393,0.983,5.171,3.636
251,3.077,4.041,1.220,0.957,4.927,3.164
252,3.883,3.815,1.266,1.014,4.817,3.444
253,3.380,4.121,1.228,1.069,5.123,3.197
254,3.596,3.892,1.353,1.029,4.880,3.332
255,3.283,3.796,1.400,1.046,4.761,2.556
256,4.167,3.598,1.212,1.073,4.521,3.841
257,3.133,3.891,1.254,1.054,4.885,2.474
258,3.657,4.072,1.346,1.005,5.005,3.908
259,3.334,4.217,1.301,1.001,5.150,3.750
260,3.591,4.274,1.368,1.044,5.300,3.736
261,3.737,3.341,1.380,1.016,4.158,3.261
262,3.423,4.136,1.265,1.018,5.106,3.311
263,3.571,3.893,1.386,1.054,4.780,3.567
264,3.301,3.945,1.270,1.037,4.872,3.367
265,3.815,3.500,1.364,0.999,4.420,3.611
266,3.933,3.703,1.266,1.017,4.648,3.518
267,3.367,3.711,1.248,1.053,4.720,3.225
268,3.560,4.234,1.334,1.047,5.237,3.911
269,3.969,3.984,1.246,1.019,4.975,3.899
270,3.084,4.060,1.328,1.071,5.130,2.569
271,3.039,3.789,1.351,1.004,4.725,2.862
272,3.778,4.132,1.305,1.060,5.068,3.599
273,3.668,3.935,1.276,1.063,4.898,3.489
274,3.114,3.965,1.358,1.016,4.954,3.166
275,3.345,3.984,1.258,1.031,4.990,3.441
276,3.788,4.075,1.384,1.059,5.090,3.583
277,3.271,3.985,1.354,1.033,5.012,3.119
278,3.273,3.829,1.343,0.997,4.802,3.293
279,3.739,4.369,1.320,1.033,5.322,3.491
280,3.280,3.934,1.236,0.989,4.915,3.342
281,3.539,3.674,1.305,1.018,4.684,2.869
282,3.473,3.903,1.354,0.991,4.829,3.693
283,3.861,3.903,1.322,1.033,4.920,3.438
284,3.617,4.158,1.280,0.974,5.129,3.686
285,3.660,3.702,1.248,0.980,4.494,3.415
286,3.773,4.029,1.305,1.087,5.064,3.626
287,3.564,3.775,1.291,1.038,4.631,3.247
288,3.181,3.947,1.322,1.069,4.921,3.095
289,3.540,4.244,1.341,1.030,5.100,3.559
290,3.587,3.760,1.249,1.065,4.601,2.812
291,3.896,3.747,1.327,1.084,4.724,3.691
292,3.708,3.449,1.347,1.040,4.411,3.445
293,4.574,3.800,1.341,1.060,4.795,4.243
294,3.580,3.694,1.273,1.061,4.681,3.268
295,3.752,3.681,1.302,1.055,4.624,3.443
296,4.123,3.690,1.361,1.075,4.671,3.555
297,3.765,3.973,1.239,1.080,4.983,2.989
298,3.535,3.803,1.370,0.999,4.731,3.388
299,3.282,3.740,1.232,1.026,4.720,3.093
300,3.606,3.736,1.368,1.042,4.757,3.356
301,3.793,4.092,1.348,1.009,4.670,3.637
302,3.683,3.747,1.361,1.005,4.602,3.596
303,3.844,3.991,1.230,1.001,4.949,3.505
304,3.582,3.969,1.330,1.079,4.412,3.555
305,3.725,4.078,1.230,1.092,5.091,3.490
306,3.184,4.101,1.367,1.067,4.666,3.246
307,3.416,3.892,1.355,0.996,4.310,3.416
308,3.468,3.768,1.329,1.045,4.723,3.049
309,4.096,4.004,1.369,1.005,4.945,3.539
310,3.648,3.946,1.357,1.040,4.873,2.735
311,3.421,3.998,1.253,1.052,5.040,3.025
312,4.086,4.356,1.350,1.037,5.389,3.778
313,3.286,4.205,1.362,1.063,5.174,3.467
314,4.070,3.956,1.261,1.034,4.989,3.409
315,3.373,4.158,1.351,0.990,5.119,3.123
316,3.344,4.063,1.260,1.012,5.014,3.318
317,3.769,3.804,1.322,0.982,4.776,3.364
318,3.615,3.965,1.279,1.097,4.999,3.408
319,3.997,4.035,1.297,1.035,5.064,3.930
320,3.979,3.625,1.274,1.038,4.647,3.218
321,3.557,4.260,1.336,1.066,4.930,3.822
322,3.780,3.768,1.349,1.055,4.712,3.432
323,3.728,4.029,1.276,1.002,4.961,3.272
324,3.447,3.866,1.263,0.991,4.627,3.143
325,3.264,4.104,1.325,1.018,4.931,2.998
326,3.319,3.791,1.332,1.056,4.796,3.424
327,3.670,3.588,1.256,1.050,4.609,3.416
328,3.926,4.151,1.345,1.032,5.145,3.683
329,3.520,3.846,1.310,1.051,4.882,3.002
330,3.568,3.926,1.262,1.064,4.847,3.443
331,3.634,3.768,1.323,1.050,4.791,3.413
332,4.038,3.956,1.250,1.036,4.931,3.603
333,3.384,4.367,1.269,1.020,5.073,3.364
334,3.780,3.884,1.315,1.047,4.522,3.850
335,3.145,4.258,1.262,1.029,5.200,3.172
336,3.413,4.105,1.277,1.041,5.080,3.245
337,3.474,4.139,1.317,1.021,5.042,3.584
338,3.383,3.793,1.324,1.068,4.849,3.324
339,3.423,3.927,1.277,1.034,4.830,3.427
340,3.556,4.197,1.275,1.049,5.202,3.325
341,3.686,3.671,1.343,1.092,4.700,3.479
342,3.748,4.131,1.245,1.014,5.098,3.655
343,3.921,3.885,1.218,1.053,4.876,3.450
344,3.474,3.480,1.363,1.070,4.495,3.019
345,3.704,4.205,1.295,1.100,5.068,3.581
346,3.444,3.982,1.258,1.051,4.823,3.463
347,3.715,3.717,1.371,1.030,4.603,3.483
348,3.394,3.663,1.312,1.059,4.647,2.832
349,3.477,3.916,1.359,1.048,4.958,3.694
350,3.407,4.301,1.249,1.042,5.245,3.339
351,3.640,4.078,1.331,1.040,4.929,3.774
352,3.147,3.808,1.301,1.004,4.737,3.104
353,3.877,3.909,1.284,1.048,4.947,3.630
354,3.453,4.276,1.353,1.060,5.309,3.280
355,3.497,3.861,1.216,1.098,4.669,3.545
356,3.367,4.170,1.225,1.021,5.158,3.429
357,3.387,4.056,1.372,1.046,5.046,3.570
358,3.453,3.758,1.368,1.043,4.784,3.144
359,3.510,3.812,1.273,1.046,4.829,3.729
360,3.459,4.042,1.354,1.029,5.061,3.341
361,3.722,4.088,1.303,1.051,5.120,3.444
362,3.455,3.911,1.218,1.108,4.826,3.354
363,3.432,3.873,1.244,1.031,4.876,3.096
364,3.393,3.779,1.324,1.081,4.761,3.291
365,3.567,3.896,1.389,1.122,4.871,3.536
366,3.530,3.713,1.385,1.067,4.676,2.830
367,3.467,3.608,1.238,0.964,4.517,3.512
368,3.521,4.106,1.241,1.022,5.067,3.409
369,3.875,3.657,1.220,0.994,4.594,3.608
370,3.652,3.710,1.248,1.011,4.679,3.553
371,3.666,3.890,1.189,1.080,4.904,3.219
372,3.532,3.660,1.388,1.039,4.607,3.045
373,3.402,3.935,1.199,1.057,4.933,3.546
374,3.327,3.948,1.369,0.993,4.815,3.013
375,3.463,3.718,1.258,1.070,4.763,2.998
376,3.555,4.207,1.223,1.078,5.276,3.517
377,3.130,3.860,1.370,0.994,4.824,2.926
378,3.447,4.058,1.352,0.992,5.026,3.582
379,3.881,3.987,1.206,1.076,5.060,3.892
380,3.637,3.719,1.325,1.002,4.707,3.299
381,3.718,3.837,1.241,1.060,4.845,3.512
382,3.687,3.929,1.226,1.016,4.877,3.331
383,3.321,3.898,1.266,1.063,4.883,3.212
384,3.213,3.845,1.311,1.143,4.964,3.194
385,4.003,3.883,1.318,1.013,4.468,3.729
386,3.486,3.869,1.227,1.157,4.564,3.495
387,3.315,4.013,1.264,1.006,4.803,2.719
388,3.248,4.087,1.230,1.113,4.962,3.022
389,3.173,3.729,1.280,1.059,4.662,2.824
390,3.488,3.992,1.336,1.214,4.893,3.113
391,3.055,3.953,1.238,1.116,4.652,2.917
392,3.334,3.624,1.291,1.037,4.368,2.220
393,3.326,4.060,1.327,1.074,4.817,3.031
394,3.400,3.951,1.237,1.056,4.641,3.382
395,3.189,3.987,1.238,0.996,4.622,3.517
396,3.646,4.162,1.318,1.101,4.980,3.423
397,3.922,3.856,1.304,1.127,4.383,3.972
398,4.225,4.226,1.221,1.105,4.784,3.858
399,4.023,3.682,1.350,1.050,4.128,3.543
400,4.112,3.807,1.335,1.083,4.159,4.029
401,3.722,4.263,1.336,1.092,4.981,3.561
402,3.347,3.955,1.322,1.055,4.857,3.149
403,3.639,3.983,1.249,1.053,4.927,3.828
404,3.641,3.783,1.342,1.079,4.846,3.425
405,3.840,4.176,1.287,1.086,5.236,3.725
406,3.945,3.817,1.249,1.110,4.925,3.742
407,3.498,3.821,1.226,1.052,4.868,3.248
408,3.606,4.130,1.294,1.043,5.142,3.576
409,3.660,3.910,1.277,1.011,4.888,3.283
410,3.859,3.966,1.332,1.097,5.054,3.560
411,3.652,3.946,1.249,0.960,4.906,3.663
412,3.761,3.966,1.312,1.190,5.148,3.220
413,3.729,4.007,1.319,0.969,4.968,3.596
414,3.529,3.754,1.328,1.068,4.632,3.344
415,3.777,3.746,1.225,1.229,4.873,3.290
416,3.769,3.771,1.271,0.988,4.694,3.344
417,3.802,3.703,1.237,1.109,4.565,2.981
418,3.856,3.413,1.252,1.043,4.337,3.630
419,3.927,3.461,1.247,1.092,4.446,3.324
420,3.248,3.698,1.295,1.095,4.735,3.460
421,3.424,3.527,1.255,1.059,4.543,3.453
422,3.743,3.716,1.305,1.095,4.761,3.003
423,3.564,3.917,1.240,1.066,4.791,3.348
424,3.114,3.853,1.232,1.071,4.744,3.121
425,3.429,3.872,1.214,1.039,4.867,3.105
426,3.859,3.844,1.245,1.089,4.868,3.978
427,3.899,3.802,1.313,1.078,4.869,3.528
428,3.674,4.062,1.281,0.991,5.044,3.229
429,3.202,3.939,1.293,1.128,4.990,3.246
430,3.255,3.736,1.311,1.084,4.811,3.002
431,3.146,3.784,1.200,1.042,4.810,3.497
432,3.993,3.654,1.347,1.051,4.577,3.697
433,4.019,3.897,1.248,1.053,4.919,3.988
434,3.578,3.917,1.215,1.088,4.987,3.410
435,3.337,3.675,1.340,1.027,4.689,3.068
436,3.809,3.636,1.214,1.069,4.533,3.498
437,3.853,3.681,1.296,1.067,4.646,3.468
438,3.583,3.884,1.283,1.052,4.810,3.052
439,3.642,3.830,1.245,1.068,4.848,3.358
440,3.527,3.787,1.204,1.080,4.827,3.205
441,3.645,3.613,1.235,1.072,4.646,3.528
442,3.611,3.633,1.237,1.029,4.572,3.598
443,3.506,3.757,1.311,1.071,4.759,3.287
444,3.714,3.815,1.339,1.117,4.818,2.863
445,3.817,3.957,1.257,1.101,5.033,3.370
446,3.989,4.032,1.270,1.039,5.020,3.300
447,4.039,3.709,1.325,1.125,4.794,3.624
448,3.443,3.901,1.264,1.121,5.013,3.078
449,4.105,3.772,1.339,1.044,4.772,3.580
450,3.633,3.870,1.195,1.108,4.915,3.692
451,3.536,3.806,1.295,1.086,4.875,3.336
452,3.627,3.875,1.240,1.063,4.925,3.313
453,3.607,3.772,1.298,1.097,4.848,4.007
454,3.690,3.639,1.336,1.065,4.694,3.215
455,3.794,3.928,1.315,1.108,4.988,3.443
456,3.277,3.844,1.324,1.038,4.824,2.981
457,3.231,3.842,1.320,1.135,4.964,3.001
458,3.736,3.813,1.228,1.092,4.888,3.582
459,3.500,3.642,1.237,1.100,4.728,3.316
460,3.046,3.604,1.312,1.087,4.352,1.815
461,2.868,3.508,1.346,1.126,4.490,1.588
462,2.867,3.824,1.285,1.047,4.780,1.706
463,3.518,3.994,1.272,1.012,4.978,3.244
464,3.638,3.722,1.255,1.109,4.824,3.430
465,3.717,3.846,1.255,1.061,4.904,3.420
466,3.497,4.160,1.282,1.068,5.127,3.661
467,3.453,3.756,1.265,1.068,4.822,3.602
468,3.509,3.908,1.240,1.045,4.924,3.942
469,3.790,3.761,1.255,1.072,4.828,3.874
470,3.704,3.657,1.282,1.204,4.851,3.287
471,3.790,4.229,1.266,0.995,5.201,3.968
472,3.863,3.896,1.280,1.028,4.794,3.788
473,3.615,4.012,1.251,1.139,5.140,3.427
474,3.380,4.217,1.265,1.156,5.359,3.550
475,3.662,3.744,1.269,1.076,4.762,3.244
476,3.675,3.789,1.248,1.064,4.823,3.361
477,3.386,3.721,1.250,1.072,4.790,3.324
478,4.000,3.763,1.329,1.110,4.808,3.572
479,3.287,4.015,1.269,1.110,5.123,3.000
480,3.777,3.767,1.335,1.169,4.932,3.532
481,3.449,3.757,1.261,1.082,4.795,3.295
482,3.450,3.803,1.198,1.130,4.911,3.034
483,3.437,3.789,1.218,1.065,4.823,3.413
484,3.287,3.926,1.368,1.040,4.898,3.435
485,3.769,3.608,1.227,1.159,4.547,3.531
486,3.748,3.971,1.187,1.082,4.736,3.382
487,3.652,3.451,1.277,1.104,4.279,3.073
488,3.331,4.076,1.252,1.022,4.858,3.213
489,3.875,3.606,1.345,1.136,4.215,3.442
490,3.795,3.512,1.335,1.182,4.260,3.388
491,3.611,4.019,1.197,1.105,4.988,3.394
492,4.109,3.645,1.210,1.035,4.007,3.352
493,3.537,3.523,1.240,1.072,4.271,2.863
494,4.039,3.801,1.276,1.104,4.614,3.678
495,3.343,3.456,1.243,1.062,4.332,3.225
496,3.659,3.642,1.248,1.068,4.334,3.059
497,3.479,3.469,1.294,1.078,4.190,2.971
498,3.412,3.756,1.287,1.042,4.617,3.323
499,3.362,3.567,1.235,1.070,4.272,3.792
500,3.704,3.638,1.292,1.035,4.389,3.776
501,3.642,3.740,1.210,1.044,4.368,3.399
502,3.809,3.837,1.265,1.065,4.550,3.712
503,3.893,3.466,1.198,1.097,4.389,3.464
504,4.368,4.041,1.238,1.088,4.910,3.896
505,3.837,4.103,1.214,1.121,5.168,3.553
506,3.716,3.795,1.274,1.179,4.761,3.378
507,3.993,3.652,1.270,1.028,4.436,3.388
508,4.215,3.588,1.267,1.059,4.350,3.495
509,3.994,3.653,1.220,1.211,4.540,3.555
510,3.829,3.754,1.291,1.167,4.316,3.413
511,3.759,3.447,1.271,1.122,4.396,3.364
512,3.891,3.700,1.228,1.082,4.726,3.347
513,3.897,3.833,1.198,1.045,4.645,3.197
514,2.879,3.535,1.338,1.136,4.596,1.660
515,2.683,3.565,1.321,1.148,4.562,1.370
516,2.896,3.679,1.271,1.076,4.550,1.776
517,2.920,3.428,1.409,1.119,4.190,1.548
518,2.793,3.281,1.295,1.139,4.262,1.586
519,2.819,3.466,1.470,1.569,4.496,1.355
520,2.778,3.965,1.382,1.200,4.705,1.432
521,2.812,3.946,1.467,1.180,4.392,1.351
522,2.735,3.489,1.440,1.106,4.162,1.304
523,2.722,3.667,1.466,1.187,4.388,1.269
524,2.689,3.575,1.373,1.163,4.162,1.324
525,2.725,3.593,1.433,1.182,4.311,1.320
526,2.812,3.331,1.368,1.048,4.134,1.459
527,2.728,3.760,1.597,1.081,4.463,1.133
528,2.775,3.753,1.470,1.170,4.277,1.358
529,2.779,4.215,1.436,1.078,4.777,1.433
530,2.698,3.950,1.459,1.137,4.604,1.258
531,2.828,3.821,1.295,1.035,4.412,1.561
532,2.873,4.023,1.285,1.187,4.675,1.662
533,2.751,4.163,1.279,1.124,4.723,1.501
534,2.756,4.228,1.335,1.046,4.630,1.449
535,3.012,3.775,1.272,1.093,4.644,1.814
536,2.988,3.980,1.398,1.108,4.668,1.611
537,2.739,3.090,1.370,1.149,3.959,1.457
538,2.729,3.761,1.451,1.051,4.321,1.341
539,2.713,3.993,1.588,1.567,4.761,1.148
540,2.730,3.643,1.430,1.372,4.602,1.313
541,2.722,3.868,1.427,1.046,4.233,1.296
542,2.757,3.720,1.359,1.080,4.338,1.438
543,2.728,3.552,1.325,1.193,4.083,1.422
544,2.715,3.861,1.334,1.176,4.634,1.431
545,2.747,3.890,1.447,1.061,4.448,1.337
546,2.659,3.666,1.487,1.129,3.843,1.206
547,2.791,3.379,1.488,1.101,4.118,1.337
548,2.747,3.394,1.512,1.218,4.133,1.239
549,2.678,3.104,1.501,1.246,4.002,1.181
550,2.679,3.183,1.535,1.150,3.923,1.144
551,2.800,3.212,1.530,1.095,3.761,1.283
552,2.709,3.195,1.378,1.148,3.845,1.337
553,2.885,3.627,1.346,1.108,4.185,1.545
554,2.867,3.368,1.352,1.488,4.487,1.540
555,2.731,3.331,1.288,1.066,4.139,1.477
556,2.767,3.831,1.488,1.050,4.369,1.304
557,2.784,3.494,1.433,1.106,4.258,1.384
558,2.814,3.570,1.315,1.256,4.657,1.566
559,2.720,3.614,1.433,1.036,4.099,1.317
560,2.734,4.123,1.408,1.197,4.951,1.351
561,2.807,3.808,1.508,1.169,4.493,1.346
562,2.766,3.657,1.473,1.148,4.458,1.338
563,2.705,3.509,1.524,1.386,4.100,1.185
564,2.615,3.094,1.473,1.451,3.838,1.147
565,2.757,3.492,1.387,1.187,4.037,1.384
566,2.822,3.766,1.371,1.150,4.020,1.511
567,2.879,3.610,1.505,1.130,4.085,1.382
568,2.760,3.790,1.331,1.320,4.377,1.430
569,2.747,3.197,1.442,1.229,4.158,1.311
570,2.727,4.357,1.382,1.440,4.932,1.403
571,2.756,3.556,1.330,1.188,4.389,1.428
572,2.691,3.240,1.587,1.304,4.092,1.134
573,2.787,3.255,1.658,1.266,3.954,1.142
574,2.784,3.743,1.612,1.245,4.658,1.206
575,2.720,3.995,1.524,1.371,4.784,1.202
576,2.745,3.313,1.493,1.180,4.115,1.257
577,2.768,3.850,1.446,1.122,4.406,1.335
578,2.733,3.757,1.446,1.201,4.522,1.297
579,2.769,3.726,1.489,1.506,4.967,1.280
580,2.768,3.753,1.709,1.400,4.552,1.078
581,2.681,3.503,1.357,1.103,4.454,1.352
582,2.735,3.753,1.450,1.605,4.472,1.313
583,2.654,3.758,1.349,1.110,4.430,1.305
584,2.736,3.793,1.497,1.694,4.736,1.242
585,2.653,4.090,1.579,1.408,4.861,1.075
586,2.672,3.954,1.443,1.345,4.818,1.229
587,2.766,3.690,1.543,1.074,4.509,1.224
588,2.802,3.756,1.792,1.514,4.732,1.016
589,2.642,4.000,1.562,1.173,4.817,1.095
590,2.818,3.590,1.696,1.542,4.754,1.138
591,2.708,3.988,1.585,1.146,4.783,1.157
592,2.693,3.873,1.582,1.338,4.483,1.131
593,2.706,3.845,1.495,1.485,4.800,1.221
594,2.777,3.990,1.332,1.267,4.770,1.445
595,2.735,3.695,1.418,1.334,4.457,1.325
596,2.747,3.695,1.390,1.100,4.571,1.359
597,2.661,3.755,1.535,1.198,4.856,1.182
598,2.730,3.867,1.361,1.163,5.002,1.398
599,2.767,4.004,1.535,1.252,5.166,1.251
600,2.771,3.902,1.642,1.170,5.010,1.152
601,2.760,3.936,1.402,1.076,4.963,1.362
602,2.769,3.935,1.560,1.311,5.153,1.228
603,2.725,3.332,1.728,1.577,4.744,1.025
604,2.736,3.951,1.546,1.175,4.794,1.196
605,2.734,3.960,1.542,1.138,4.688,1.196
606,2.698,4.005,1.473,1.192,4.758,1.250
607,2.713,3.842,1.674,1.686,5.210,1.047
608,2.690,3.706,1.447,1.462,4.713,1.248
609,2.724,3.917,1.614,1.555,4.916,1.126
610,2.732,3.868,1.431,1.622,4.872,1.313
611,2.735,3.845,1.471,1.157,4.407,1.268
612,2.812,3.520,1.493,1.539,4.592,1.323
613,2.707,3.831,1.403,1.449,4.597,1.311
614,2.669,3.813,1.401,1.438,4.708,1.268
615,2.721,3.969,1.471,1.497,5.166,1.264
616,2.698,3.919,1.550,1.537,4.891,1.164
617,2.753,3.917,1.402,1.153,4.501,1.359
618,2.697,3.866,1.603,1.516,4.823,1.099
619,2.728,3.877,1.513,1.395,4.848,1.237
620,2.728,4.249,1.709,1.480,5.168,1.033
621,2.726,3.903,1.531,1.596,5.036,1.202
622,2.726,3.887,1.708,1.555,4.651,1.052
623,2.740,3.811,1.606,1.535,4.820,1.135
624,2.699,3.692,1.527,1.450,4.585,1.189
625,2.680,3.948,1.464,1.275,4.456,1.229
626,2.697,4.228,1.520,1.429,5.090,1.188
627,2.720,4.256,1.620,1.550,4.941,1.114
628,2.754,4.113,1.696,1.439,4.755,1.073
629,2.754,3.825,1.650,1.467,4.828,1.128
630,2.708,4.055,1.557,1.222,4.807,1.164
631,2.743,4.064,1.682,1.515,5.216,1.073
632,2.702,3.994,1.570,1.096,4.609,1.136
633,2.672,4.092,1.483,1.139,4.802,1.200
634,2.709,3.640,1.596,1.337,4.500,1.123
635,2.784,3.909,1.548,1.187,4.735,1.261
636,2.698,3.858,1.573,1.180,4.630,1.177
637,2.728,4.076,1.564,1.413,5.026,1.177
638,2.722,3.970,1.541,1.436,4.879,1.201
639,2.696,4.129,1.514,1.412,5.064,1.199
640,2.710,3.960,1.627,1.243,4.756,1.092
641,2.709,3.769,1.676,1.237,4.582,1.049
642,2.678,3.874,1.526,1.229,4.691,1.200
643,2.666,3.920,1.540,1.302,4.956,1.139
644,2.680,3.853,1.389,1.462,4.917,1.294
645,2.788,3.756,1.632,1.616,4.738,1.172
646,2.679,3.823,1.538,1.523,5.026,1.162
647,2.737,3.898,1.584,1.513,5.045,1.157
648,2.706,3.778,1.479,1.488,4.850,1.249
649,2.794,3.871,1.572,1.568,4.796,1.233
650,2.814,3.741,1.657,1.213,4.582,1.164
651,2.811,3.782,1.667,1.426,4.725,1.155
652,2.758,3.781,1.621,1.460,4.518,1.153
653,2.743,3.838,1.646,1.450,4.759,1.114
654,2.753,3.619,1.657,1.601,4.812,1.102
655,2.651,3.732,1.505,1.546,4.533,1.156
656,2.741,3.757,1.599,1.617,4.604,1.154
657,2.749,3.547,1.652,1.538,4.554,1.098
658,2.748,3.868,1.659,1.521,4.710,1.096
659,2.726,3.673,1.601,1.543,4.409,1.144
660,2.723,3.672,1.598,1.569,4.468,1.127
661,2.727,3.772,1.654,1.511,4.704,1.081
662,2.669,3.658,1.560,1.517,4.501,1.114
663,2.743,3.508,1.715,1.495,4.348,1.033
664,2.718,3.804,1.563,1.554,4.608,1.183
665,2.865,4.150,1.724,1.486,5.166,1.147
666,2.770,3.366,1.674,1.612,4.193,1.130
667,2.775,3.580,1.655,1.593,4.403,1.122
668,2.666,3.740,1.463,1.611,4.478,1.209
669,2.683,3.746,1.539,1.576,4.758,1.154
670,2.739,3.810,1.654,1.426,4.749,1.094
671,2.756,3.967,1.667,1.477,4.652,1.094
672,2.708,4.082,1.612,1.560,5.144,1.097
673,2.696,3.849,1.558,1.487,4.919,1.150
674,2.720,4.011,1.681,1.538,4.943,1.048
675,2.724,3.850,1.633,1.352,4.690,1.113
676,2.759,3.832,1.579,1.620,5.118,1.193
677,2.683,3.805,1.577,1.607,5.107,1.125
678,2.823,3.813,1.686,1.630,5.145,1.155
679,2.722,3.870,1.602,1.515,4.801,1.144
680,2.797,3.534,1.796,1.284,4.435,1.032
681,2.795,3.849,1.340,1.450,4.878,1.480
682,2.725,3.669,1.552,1.613,4.413,1.192
683,2.767,3.797,1.623,1.653,4.703,1.148
684,2.740,3.974,1.423,1.559,4.835,1.323
685,2.784,3.792,1.622,1.666,4.521,1.166
686,2.761,3.679,1.624,1.478,4.498,1.170
687,2.652,3.690,1.628,1.547,4.407,1.031
688,2.851,3.814,1.629,1.594,4.555,1.227
689,2.820,3.463,1.871,1.696,4.912,1.014
690,2.811,3.907,1.660,1.495,4.925,1.158
691,2.780,3.353,1.770,1.702,4.038,1.015
692,2.726,3.778,1.630,1.572,4.473,1.100
693,2.715,3.686,1.537,1.584,4.462,1.191
694,2.835,3.813,1.804,1.610,4.634,1.049
695,2.822,3.844,1.756,1.661,4.668,1.084
696,2.768,3.891,1.678,1.522,4.506,1.091
697,2.668,3.566,1.481,1.689,4.530,1.188
698,2.696,3.613,1.594,1.709,4.856,1.111
699,2.802,3.597,1.705,1.875,4.556,1.106
700,2.795,3.419,1.727,1.595,4.487,1.087
701,2.670,3.577,1.623,1.657,4.321,1.067
702,2.836,3.710,1.693,1.544,4.458,1.144
703,2.921,3.656,1.886,1.482,4.673,1.040
704,2.728,3.108,1.666,1.706,4.179,1.078
705,2.781,3.566,1.756,1.649,4.317,1.025
706,2.799,3.759,1.739,1.735,4.740,1.064
707,2.683,3.498,1.641,1.600,4.353,1.049
708,2.708,3.766,1.624,1.607,4.710,1.104
709,2.760,3.828,1.667,1.519,4.489,1.120
710,2.855,3.641,1.837,1.723,4.531,1.019
711,2.819,3.584,1.785,1.725,4.739,1.058
712,2.767,3.328,1.745,1.600,4.242,1.060
713,2.759,3.627,1.696,1.529,4.688,1.066
714,2.817,3.531,1.725,1.509,4.456,1.092
715,2.721,3.718,1.665,1.666,4.753,1.061
716,2.742,3.719,1.694,1.691,4.888,1.056
717,2.728,3.539,1.698,1.566,4.447,1.042
718,2.830,3.739,1.806,1.708,4.883,1.025
719,2.802,3.628,1.706,1.688,4.877,1.112
720,2.760,3.762,1.679,1.626,4.442,1.095
721,2.848,3.526,1.613,1.670,4.342,1.237
722,2.686,3.797,1.521,1.552,4.560,1.173
723,2.758,3.166,1.747,1.771,4.173,1.017
724,2.764,3.730,1.663,1.721,4.772,1.103
725,2.809,3.561,1.759,1.530,4.564,1.055
726,2.733,3.570,1.724,1.719,4.440,1.015
727,2.740,3.655,1.711,1.528,4.506,1.035
728,2.781,3.647,1.771,1.771,4.584,1.036
729,2.762,3.332,1.745,1.770,4.434,1.023
730,2.720,3.653,1.690,1.615,4.532,1.042
731,2.723,3.684,1.622,1.663,4.576,1.114
732,2.690,3.737,1.603,1.660,4.330,1.087
733,2.793,3.582,1.591,1.808,4.792,1.210
734,2.715,3.541,1.621,1.530,4.406,1.100
735,2.742,3.503,1.692,1.407,4.357,1.091
736,2.769,3.519,1.739,1.725,4.407,1.052
737,2.776,3.487,1.720,1.581,4.469,1.059
738,2.831,3.479,1.733,1.514,4.491,1.121
739,2.715,3.555,1.698,1.645,4.703,1.044
740,2.800,3.674,1.619,1.578,4.811,1.190
741,2.711,3.487,1.416,1.646,4.765,1.322
742,2.830,3.762,1.792,1.545,4.696,1.049
743,2.713,3.861,1.641,1.775,4.982,1.076
744,2.681,3.619,1.679,1.939,4.509,1.013
745,2.763,3.646,1.683,1.526,4.323,1.083
746,2.720,3.789,1.639,1.533,4.819,1.086
747,2.785,3.582,1.685,1.788,4.927,1.104
748,2.841,3.842,1.833,1.602,5.010,1.041
749,2.753,4.043,1.685,1.488,4.887,1.077
750,2.713,3.814,1.598,1.635,4.986,1.121
751,2.665,3.815,1.637,1.497,5.089,1.067
752,2.782,3.531,1.689,1.867,5.048,1.105
753,2.713,3.825,1.724,1.687,4.870,1.021
754,2.778,3.806,1.757,1.536,4.811,1.032
755,2.748,3.763,1.793,1.613,4.933,1.064
756,2.817,3.850,1.966,1.810,5.347,1.029
757,2.751,3.584,1.604,1.664,4.880,1.158
758,2.813,3.524,1.850,1.922,5.240,0.964
759,2.907,3.594,1.863,1.523,4.785,1.063
760,2.722,3.798,1.667,1.422,4.479,1.079
761,2.704,3.797,1.622,1.537,4.788,1.100
762,2.801,3.769,1.756,1.580,5.146,1.050
763,2.813,3.622,1.763,1.600,4.817,1.088
764,2.789,3.978,1.754,1.750,5.427,1.036
765,2.686,3.903,1.637,1.719,5.436,1.053
766,2.742,3.847,1.683,1.666,4.955,1.063
767,2.710,3.812,1.581,1.543,5.029,1.134
768,2.792,3.914,1.745,1.556,5.129,1.054
769,2.739,3.638,1.621,1.695,4.908,1.149
770,2.822,3.783,1.674,1.667,5.122,1.149
771,2.723,3.832,1.639,1.690,4.746,1.117
772,2.759,3.800,1.674,1.868,4.799,1.089
773,2.850,3.699,1.775,1.667,4.625,1.082
774,2.832,3.809,1.710,1.896,5.168,1.133
775,2.687,3.890,1.505,1.769,5.005,1.190
776,2.822,3.464,1.806,1.581,4.488,1.021
777,2.748,3.746,1.767,1.793,4.663,1.005
778,2.876,3.827,1.835,1.573,4.900,1.045
779,2.863,3.982,1.843,1.758,5.126,1.036
780,2.730,3.623,1.679,1.536,4.476,1.055
781,2.782,3.777,1.712,1.806,4.458,1.073
782,2.840,3.886,1.794,1.708,4.663,1.055
783,2.761,3.986,1.733,1.576,4.827,1.040
784,2.791,4.015,1.720,1.699,5.571,1.075
785,2.775,4.014,1.721,1.594,5.339,1.087
786,2.836,3.794,1.875,1.630,5.158,1.019
787,2.719,3.618,1.694,1.733,5.094,1.035
788,2.712,3.678,1.637,1.634,4.887,1.089
789,2.751,3.510,1.684,1.617,4.748,1.089
790,2.761,3.665,1.770,1.659,4.904,1.004
791,2.789,3.691,1.771,1.716,4.579,1.031
792,2.673,3.708,1.654,1.594,4.523,1.035
793,2.929,3.590,1.915,1.713,4.738,1.025
794,2.833,3.688,1.773,1.772,4.522,1.080
795,2.885,3.427,1.833,1.757,4.730,1.060
796,2.869,3.441,1.764,1.991,4.814,1.106
797,2.780,3.498,1.745,1.620,4.391,1.041
798,2.963,3.358,1.969,1.701,4.437,1.014
799,2.851,3.884,1.812,1.668,4.418,1.083
800,2.800,3.692,1.740,1.836,4.474,1.061
801,2.813,3.297,1.857,1.748,4.323,1.046
802,2.778,3.491,1.775,1.697,4.367,1.006
803,2.698,3.555,1.671,1.629,4.327,1.042
804,2.799,3.370,1.800,1.700,4.447,1.024
805,2.785,3.657,1.724,1.696,4.529,1.068
806,2.707,3.294,1.645,1.741,4.473,1.085
807,2.740,3.676,1.634,1.674,4.781,1.114
808,2.833,3.409,1.795,1.932,3.864,1.054
809,2.773,3.443,1.729,1.791,4.472,1.083
810,2.871,3.655,1.797,2.163,4.521,1.132
811,2.730,3.568,1.587,1.703,4.586,1.153
812,2.751,3.538,1.720,1.538,4.054,1.030
813,2.887,3.745,1.874,1.941,5.011,1.029
814,2.754,3.711,1.717,1.965,4.580,1.084
815,2.780,3.362,1.721,1.847,4.571,1.062
816,2.751,3.877,1.614,1.672,4.639,1.150
817,2.755,3.531,1.817,1.724,4.506,0.962
818,2.796,3.732,1.635,1.658,4.375,1.166
819,2.810,3.744,1.771,1.679,4.518,1.056
820,2.873,3.305,1.797,1.571,4.456,1.079
821,2.806,3.545,1.799,1.638,4.547,1.054
822,2.692,3.162,1.666,1.703,4.538,1.046
823,2.692,3.630,1.647,1.874,4.503,1.051
824,2.798,3.278,1.733,1.805,4.104,1.075
825,2.786,3.718,1.743,1.736,4.798,1.050
826,2.735,3.466,1.707,1.931,4.770,1.036
827,2.678,3.863,1.682,1.933,4.795,1.032
828,2.845,3.321,1.776,1.820,4.285,1.078
829,2.802,3.834,1.816,1.620,4.666,1.012
830,2.908,3.819,1.857,1.953,4.298,1.057
831,2.803,3.543,1.757,1.714,4.395,1.074
832,2.805,3.171,1.813,1.995,4.263,0.998
833,2.755,3.416,1.804,1.566,4.317,0.990
834,2.813,3.643,1.714,1.603,4.344,1.108
835,2.885,3.422,1.824,1.544,4.170,1.064
836,2.762,3.308,1.725,1.884,4.438,1.039
837,2.771,3.491,1.749,1.985,4.980,1.060
838,2.737,3.083,1.773,1.649,4.318,0.994
839,2.796,3.842,1.775,1.639,4.839,1.027
840,2.718,3.763,1.598,1.654,4.368,1.122
841,2.843,3.642,1.828,1.877,4.428,1.019
842,2.771,3.372,1.735,1.935,4.000,1.046
843,2.860,3.591,1.836,1.644,4.341,1.031
844,2.752,3.631,1.688,1.682,4.793,1.065
845,2.926,3.221,1.872,1.737,4.269,1.056
846,2.820,3.563,1.851,1.540,4.320,0.969
847,2.801,3.636,1.709,1.706,4.528,1.108
848,2.764,3.619,1.609,1.983,4.959,1.157
849,2.859,3.748,1.876,1.714,4.547,0.992
850,2.686,3.639,1.703,1.509,4.726,1.023
851,2.914,3.486,1.888,1.838,4.547,1.030
852,2.719,3.621,1.609,1.854,4.720,1.113
853,2.843,3.567,1.784,1.755,4.419,1.074
854,2.709,3.885,1.666,1.569,4.693,1.044
855,2.738,3.774,1.741,1.625,4.553,1.029
856,2.895,3.368,1.904,1.810,4.735,1.012
857,2.802,3.535,1.796,1.627,4.462,1.022
858,2.789,3.593,1.741,1.729,4.353,1.050
859,2.764,3.824,1.747,1.648,4.678,1.055
860,2.823,3.691,1.771,1.678,4.546,1.057
861,2.969,3.505,1.980,1.784,4.430,0.996
862,2.735,3.740,1.686,1.491,4.497,1.050
863,2.784,3.583,1.770,1.490,4.465,1.024
864,2.863,3.752,1.850,1.667,4.568,1.023
865,2.787,4.104,1.784,1.633,4.734,1.009
866,2.786,3.881,1.752,1.525,4.460,1.040
867,2.747,3.920,1.649,1.959,4.900,1.102
868,2.764,3.568,1.729,1.712,4.651,1.057
869,2.723,3.933,1.669,1.632,4.852,1.063
870,2.781,3.530,1.695,1.858,4.307,1.094
871,2.772,3.449,1.699,1.995,4.976,1.074
872,2.799,3.685,1.779,1.735,4.321,1.021
873,2.855,3.793,1.857,1.787,4.844,1.019
874,2.784,3.705,1.753,1.776,4.312,1.047
875,2.816,3.539,1.816,1.678,4.610,1.004
876,2.742,3.842,1.722,1.684,4.471,1.031
877,2.770,3.738,1.789,1.782,4.228,0.996
878,2.846,3.760,1.861,1.813,4.761,0.993
879,2.954,3.695,1.953,1.638,4.667,1.014
880,2.764,3.667,1.756,1.887,4.422,1.014
881,2.826,3.741,1.846,2.646,4.925,0.981
882,2.852,3.981,1.799,1.837,5.039,1.057
883,2.872,3.558,1.851,1.942,4.980,1.025
884,2.857,3.430,1.853,1.854,4.457,1.038
885,2.819,3.620,1.776,1.747,4.598,1.043
886,2.716,3.433,1.718,1.845,4.329,1.012
887,2.754,3.296,1.685,1.715,4.462,1.112
888,2.826,3.470,1.762,1.955,4.615,1.072
889,2.768,3.244,1.808,1.692,4.405,0.994
890,2.833,3.628,1.776,1.679,4.525,1.074
891,2.782,3.370,1.744,1.753,4.548,1.042
892,2.793,3.463,1.819,1.832,4.277,0.987
893,2.703,3.511,1.699,1.784,4.434,1.026
894,2.838,3.666,1.879,1.810,4.440,0.988
895,2.982,3.440,2.044,1.599,4.488,0.980
896,2.763,3.636,1.695,1.637,4.686,1.071
897,2.784,3.609,1.710,1.635,4.436,1.081
898,2.703,3.606,1.683,1.779,4.773,1.033
899,3.169,3.441,2.183,1.972,4.716,0.997
900,2.759,3.463,1.764,2.269,4.755,1.018
901,2.862,3.706,1.875,1.880,4.727,1.002
902,2.874,3.642,1.836,1.898,4.661,1.051
903,2.793,3.652,1.727,1.740,4.410,1.070
904,2.831,3.678,1.809,1.802,4.898,1.023
905,2.762,3.328,1.700,1.711,4.619,1.064
906,2.936,3.325,2.017,1.998,4.728,0.983
907,2.809,3.414,1.781,1.913,4.724,1.037
908,2.831,3.500,1.822,1.729,5.028,1.019
909,2.790,3.517,1.807,1.651,4.919,0.989
910,3.062,3.396,2.054,1.727,4.736,1.012
911,2.869,3.581,1.841,1.766,4.730,1.056
912,2.785,3.575,1.707,1.554,4.804,1.091
913,2.697,3.681,1.665,1.788,4.826,1.040
914,2.898,3.538,1.931,1.620,4.888,0.971
915,2.756,3.473,1.772,1.589,4.487,0.991
916,2.803,3.382,1.761,1.687,4.412,1.046
917,2.918,3.737,1.954,1.777,4.686,0.964
918,2.902,3.215,1.974,2.164,5.096,0.930
919,2.790,3.406,1.709,1.833,4.950,1.081
920,2.908,3.575,1.816,1.736,4.673,1.098
921,2.768,3.637,1.639,1.650,4.642,1.130
922,2.812,3.742,1.846,2.373,5.055,0.967
923,2.753,3.834,1.756,2.038,5.073,0.998
924,2.716,3.972,1.743,1.700,4.917,0.980
925,2.810,3.600,1.709,1.904,5.148,1.111
926,2.870,3.345,1.780,2.535,4.958,1.094
927,2.880,3.940,1.885,2.049,4.758,1.055
928,2.980,3.697,1.957,1.767,4.820,1.042
929,2.760,3.863,1.751,1.762,5.106,1.015
930,2.944,3.837,1.918,1.746,4.900,1.027
931,2.929,3.698,1.916,1.728,5.070,1.019
932,2.793,3.611,1.813,1.806,4.623,1.020
933,2.816,3.644,1.793,2.141,4.755,1.051
934,2.893,3.812,1.838,1.650,5.040,1.079
935,2.888,3.637,1.898,2.051,5.022,0.997
936,2.867,3.729,1.853,1.836,5.075,1.023
937,2.817,3.582,1.788,1.889,5.102,1.035
938,2.844,3.509,1.871,1.826,4.920,1.029
939,2.851,3.435,1.837,1.945,5.036,1.023
940,3.052,3.569,2.099,1.715,4.543,0.981
941,2.820,3.213,1.848,1.817,4.346,0.995
942,2.918,3.422,1.917,1.912,4.549,1.017
943,2.736,2.979,1.711,1.676,4.294,1.038
944,2.763,3.535,1.762,1.703,4.395,1.035
945,2.806,3.551,1.819,1.799,4.629,1.044
946,2.746,3.757,1.738,1.809,5.014,1.023
947,2.812,3.395,1.841,1.815,4.845,0.992
948,2.776,3.401,1.789,1.796,4.579,1.010
949,2.783,3.822,1.747,2.108,5.135,1.038
950,2.871,3.632,1.885,1.701,4.733,0.996
951,2.806,3.571,1.787,1.768,4.834,1.052
952,2.841,3.533,1.845,2.102,4.896,1.017
953,3.094,3.224,2.247,2.806,5.212,0.979
954,2.740,3.510,1.758,1.883,4.650,1.001
955,2.741,3.470,1.767,1.839,4.541,1.004
956,2.947,3.398,1.953,1.775,4.456,1.031
957,2.993,3.736,2.024,1.873,4.816,0.997
958,2.839,3.295,1.847,2.077,4.682,1.018
959,3.044,3.296,2.063,2.077,4.554,1.030
960,2.765,3.294,1.696,2.635,4.412,1.070
961,2.775,3.620,1.778,2.239,4.716,1.013
962,2.892,3.673,1.944,1.966,4.536,0.978
963,3.104,3.370,2.149,1.837,4.839,0.977
964,2.872,3.297,1.878,3.044,4.843,0.998
965,2.908,3.568,1.925,3.466,4.871,1.015
966,2.890,3.005,1.911,4.056,4.610,1.023
967,2.910,3.085,1.919,3.619,4.817,1.055
968,2.843,3.075,1.882,3.700,4.770,0.975
969,3.107,3.455,2.110,3.827,4.331,1.028
970,2.767,3.980,1.809,3.885,4.815,0.988
971,2.948,3.370,1.913,4.010,4.449,1.044
972,2.832,3.347,1.797,3.348,4.374,1.067
973,2.959,3.145,1.970,1.992,4.436,1.019
974,2.891,3.743,1.981,2.542,4.915,0.987
975,2.758,3.719,1.664,2.106,4.276,1.100
976,2.883,3.084,1.962,2.494,4.715,0.967
977,2.895,3.052,1.863,2.091,4.293,1.075
978,2.956,3.238,1.866,2.226,4.063,1.092
979,3.113,3.443,2.189,1.908,4.437,0.958
980,2.755,3.015,1.667,2.673,4.381,1.091
981,2.784,3.369,1.824,2.135,4.201,0.977
982,2.877,3.557,1.968,2.284,4.318,0.972
983,2.856,3.974,1.853,2.128,4.366,1.015
984,2.820,3.496,1.819,1.971,4.288,1.009
985,2.906,3.981,1.957,2.043,4.431,1.010
986,3.113,3.636,2.171,1.975,4.364,0.974
987,2.782,3.921,1.799,2.070,4.455,0.989
988,2.794,3.854,1.773,1.990,4.804,1.054
989,2.848,3.806,1.868,3.244,4.676,1.034
990,2.961,3.342,2.079,1.994,4.003,1.011
991,2.777,3.619,1.770,2.104,4.629,1.013
992,2.884,3.516,1.981,2.020,4.497,1.034
993,2.931,3.044,1.950,1.875,3.649,0.997
994,3.362,3.732,2.448,2.469,4.675,0.992
995,2.793,3.752,1.867,2.110,4.391,1.016
996,2.844,3.593,1.808,1.945,4.247,1.045
997,2.920,3.365,1.923,2.101,3.811,1.005
998,2.987,3.255,2.010,1.965,4.434,0.993
999,2.924,3.808,1.950,1.931,4.501,0.996
1000,2.976,3.346,1.940,2.012,4.523,1.037
1001,2.812,3.630,1.775,2.202,4.755,1.047
1002,3.050,3.358,2.084,2.235,4.613,0.991
1003,3.054,3.235,2.091,1.857,4.446,1.007
1004,2.910,3.334,1.956,2.203,4.299,0.967
1005,2.860,3.335,1.875,2.667,4.298,1.002
1006,3.072,3.414,2.118,2.891,4.008,1.024
1007,2.944,3.744,1.991,1.926,4.389,0.985
1008,3.074,3.321,2.084,1.770,3.954,1.054
1009,3.000,3.321,1.985,2.389,4.514,1.022
1010,2.996,3.539,1.986,3.003,4.586,1.012
1011,2.822,3.600,1.815,3.088,4.504,1.019
1012,3.074,3.750,2.077,2.910,4.342,1.025
1013,2.917,3.374,1.864,2.710,4.245,1.062
1014,3.010,3.178,2.076,3.412,5.094,0.971
1015,2.947,3.658,1.937,3.510,5.147,1.030
1016,2.834,3.600,1.860,3.428,4.896,0.975
1017,3.076,3.732,2.161,3.901,4.993,0.942
1018,3.166,3.521,2.269,3.388,5.101,0.999
1019,2.991,3.723,2.044,4.042,4.349,0.991
1020,2.881,3.559,1.873,3.436,4.810,1.014
1021,2.818,3.400,1.816,4.234,4.593,1.006
1022,2.881,2.981,1.916,3.495,4.452,1.011
1023,2.895,3.366,1.845,3.155,4.437,1.062
1024,2.914,3.424,1.915,3.426,4.890,1.034
1025,2.826,3.457,1.833,3.550,4.752,1.023
1026,2.890,3.440,1.909,3.580,4.553,1.007
1027,2.884,3.410,1.868,3.550,5.469,1.040
1028,2.913,3.214,1.905,3.116,4.883,1.023
1029,3.015,3.128,2.050,3.596,5.150,1.024
1030,2.875,2.989,1.853,3.671,4.468,1.031
1031,3.098,3.491,2.101,3.732,4.760,1.029
1032,2.905,3.632,1.987,3.838,4.566,1.048
1033,2.966,3.550,1.922,3.408,4.473,1.068
1034,3.009,3.276,1.952,4.159,5.438,1.095
1035,3.233,3.225,2.393,3.475,4.671,0.984
1036,2.928,3.255,1.955,3.376,4.943,0.981
1037,2.972,3.268,1.994,3.861,4.686,0.990
1038,2.999,3.098,2.091,3.140,4.069,1.003
1039,2.872,3.054,1.849,3.666,4.641,1.026
1040,3.019,2.933,2.050,3.728,3.878,0.987
1041,3.021,3.213,2.053,3.997,4.789,0.982
1042,3.050,3.349,2.039,3.431,4.626,1.016
1043,2.985,3.085,2.017,4.482,5.217,0.988
1044,2.977,3.411,1.976,4.967,5.103,1.019
1045,2.775,3.392,1.742,5.401,4.822,1.035
1046,2.888,3.301,1.910,5.350,4.872,1.003
1047,3.006,3.022,2.018,4.861,4.661,1.010
1048,2.817,3.019,1.843,5.419,4.883,1.027
1049,3.338,3.440,2.385,5.050,4.888,0.978
1050,2.866,3.439,1.848,4.125,3.947,1.023
1051,2.934,3.555,1.874,4.700,4.580,1.062
1052,2.963,3.395,2.008,4.438,4.382,0.969
1053,2.966,3.455,1.936,4.157,4.522,1.033
1054,2.959,3.200,1.968,4.460,4.921,1.000
1055,2.950,3.612,1.985,4.587,4.528,1.004
1056,3.055,3.294,2.082,4.341,4.893,0.979
1057,2.905,3.141,1.927,4.152,5.037,1.014
